[{
		"data": "OωO",
		"text": "owo",
		"category": ""
	},
	{
		"data": "|´・ω・)ノ",
		"text": "Hi",
		"category": ""
	},
	{
		"data": "ヾ(≧∇≦*)ゝ",
		"text": "开心",
		"category": ""
	},
	{
		"data": "(☆ω☆)",
		"text": "星星眼",
		"category": ""
	},
	{
		"data": "（╯‵□′）╯︵┴─┴",
		"text": "掀桌",
		"category": ""
	},
	{
		"data": "￣﹃￣",
		"text": "流口水",
		"category": ""
	},
	{
		"data": "(/ω＼)",
		"text": "捂脸",
		"category": ""
	},
	{
		"data": "∠( ᐛ 」∠)＿",
		"text": "给跪",
		"category": ""
	},
	{
		"data": "(๑•̀ㅁ•́ฅ)",
		"text": "Hi",
		"category": ""
	},
	{
		"data": "→_→",
		"text": "斜眼",
		"category": ""
	},
	{
		"data": "୧(๑•̀⌄•́๑)૭",
		"text": "加油",
		"category": ""
	},
	{
		"data": "٩(ˊᗜˋ*)و",
		"text": "有木有WiFi",
		"category": ""
	},
	{
		"data": "(ノ°ο°)ノ",
		"text": "前方高能预警",
		"category": ""
	},
	{
		"data": "(´இ皿இ｀)",
		"text": "我从未见过如此厚颜无耻之人",
		"category": ""
	},
	{
		"data": "⌇●﹏●⌇",
		"text": "吓死宝宝惹",
		"category": ""
	},
	{
		"data": "(ฅ´ω`ฅ)",
		"text": "已阅留爪",
		"category": ""
	},
	{
		"data": "(╯°A°)╯︵○○○",
		"text": "去吧大师球",
		"category": ""
	},
	{
		"data": "φ(￣∇￣o)",
		"text": "太萌惹",
		"category": ""
	},
	{
		"data": "ヾ(´･ ･｀｡)ノ",
		"text": "咦咦咦",
		"category": ""
	},
	{
		"data": "( ง ᵒ̌皿ᵒ̌)ง⁼³₌₃",
		"text": "气呼呼",
		"category": ""
	},
	{
		"data": "(ó﹏ò｡)",
		"text": "我受到了惊吓",
		"category": ""
	},
	{
		"data": "Σ(っ °Д °;)っ",
		"text": "什么鬼",
		"category": ""
	},
	{
		"data": "( ,,´･ω･)ﾉ\"(´っω･｀｡)",
		"text": "摸摸头",
		"category": ""
	},
	{
		"data": "╮(╯▽╰)╭ ",
		"text": "无奈",
		"category": ""
	},
	{
		"data": "o(*////▽////*)q ",
		"text": "脸红",
		"category": ""
	},
	{
		"data": "＞﹏＜",
		"text": "",
		"category": ""
	},
	{
		"data": "( ๑´•ω•) \"(ㆆᴗㆆ)",
		"text": "",
		"category": ""
	},
	{
		"data": "(｡•ˇ‸ˇ•｡)",
		"text": "(｡•ˇ‸ˇ•｡)",
		"category": ""
	},
	{
		"icon": "https://jsd.typecho.co.uk/emoji/cat/ablobcatheart.png",
		"data": ":[ablobcatheart]",
		"text": "ablobcatheart",
		"category": "Cat"
	},
	{
		"icon": "https://jsd.typecho.co.uk/emoji/cat/ablobcatheartbroken.png",
		"data": ":[ablobcatheartbroken]",
		"text": "ablobcatheartbroken",
		"category": "Cat"
	},
	{
		"icon": "https://jsd.typecho.co.uk/emoji/cat/blobcatheart.png",
		"data": ":[blobcatheart]",
		"text": "blobcatheart",
		"category": "Cat"
	},
	{
		"icon": "https://jsd.typecho.co.uk/emoji/cat/blobcatheartpride.png",
		"data": ":[blobcatheartpride]",
		"text": "blobcatheartpride",
		"category": "Cat"
	},
	{
		"icon": "https://jsd.typecho.co.uk/emoji/cat/blobcatlove.png",
		"data": ":[blobcatlove]",
		"text": "blobcatlove",
		"category": "Cat"
	},
	{
		"icon": "https://jsd.typecho.co.uk/emoji/cat/blobcatkissheart.png",
		"data": ":[blobcatkissheart]",
		"text": "blobcatkissheart",
		"category": "Cat"
	},
	{
		"icon": "https://jsd.typecho.co.uk/emoji/cat/blobcatsnuggle.png",
		"data": ":[blobcatsnuggle]",
		"text": "blobcatsnuggle",
		"category": "Cat"
	},
	{
		"icon": "https://jsd.typecho.co.uk/emoji/cat/comfyuee.png",
		"data": ":[comfyuee]",
		"text": "comfyuee",
		"category": "Cat"
	},
	{
		"icon": "https://jsd.typecho.co.uk/emoji/cat/comfyslep.png",
		"data": ":[comfyslep]",
		"text": "comfyslep",
		"category": "Cat"
	},
	{
		"icon": "https://jsd.typecho.co.uk/emoji/cat/comfynight.png",
		"data": ":[comfynight]",
		"text": "comfynight",
		"category": "Cat"
	},
	{
		"icon": "https://jsd.typecho.co.uk/emoji/cat/blobcatcomfysweat.png",
		"data": ":[blobcatcomfysweat]",
		"text": "blobcatcomfysweat",
		"category": "Cat"
	},
	{
		"icon": "https://jsd.typecho.co.uk/emoji/cat/blobcatcomfy.png",
		"data": ":[blobcatcomfy]",
		"text": "blobcatcomfy",
		"category": "Cat"
	},
	{
		"icon": "https://jsd.typecho.co.uk/emoji/cat/blobcatcomftears.png",
		"data": ":[blobcatcomftears]",
		"text": "blobcatcomftears",
		"category": "Cat"
	},
	{
		"icon": "https://jsd.typecho.co.uk/emoji/cat/blobcatfacepalm.png",
		"data": ":[blobcatfacepalm]",
		"text": "blobcatfacepalm",
		"category": "Cat"
	},
	{
		"icon": "https://jsd.typecho.co.uk/emoji/cat/blobcat0_0.png",
		"data": ":[blobcat0_0]",
		"text": "blobcat0_0",
		"category": "Cat"
	},
	{
		"icon": "https://jsd.typecho.co.uk/emoji/cat/blobcatangry.png",
		"data": ":[blobcatangry]",
		"text": "blobcatangry",
		"category": "Cat"
	},
	{
		"icon": "https://jsd.typecho.co.uk/emoji/cat/blobbanhammerr.png",
		"data": ":[blobbanhammerr]",
		"text": "blobbanhammerr",
		"category": "Cat"
	},
	{
		"icon": "https://jsd.typecho.co.uk/emoji/cat/blobcatt.png",
		"data": ":[blobcatt]",
		"text": "blobcatt",
		"category": "Cat"
	},
	{
		"icon": "https://jsd.typecho.co.uk/emoji/cat/blobcatblush.png",
		"data": ":[blobcatblush]",
		"text": "blobcatblush",
		"category": "Cat"
	},
	{
		"icon": "https://jsd.typecho.co.uk/emoji/cat/blobcatcoffee.png",
		"data": ":[blobcatcoffee]",
		"text": "blobcatcoffee",
		"category": "Cat"
	},
	{
		"icon": "https://jsd.typecho.co.uk/emoji/cat/blobcatcry.png",
		"data": ":[blobcatcry]",
		"text": "blobcatcry",
		"category": "Cat"
	},
	{
		"icon": "https://jsd.typecho.co.uk/emoji/cat/blobcatdead.png",
		"data": ":[blobcatdead]",
		"text": "blobcatdead",
		"category": "Cat"
	},
	{
		"icon": "https://jsd.typecho.co.uk/emoji/cat/blobcatdied.png",
		"data": ":[blobcatdied]",
		"text": "blobcatdied",
		"category": "Cat"
	},
	{
		"icon": "https://jsd.typecho.co.uk/emoji/cat/blobcatdisturbed.png",
		"data": ":[blobcatdisturbed]",
		"text": "blobcatdisturbed",
		"category": "Cat"
	},
	{
		"icon": "https://jsd.typecho.co.uk/emoji/cat/blobcatfearful.png",
		"data": ":[blobcatfearful]",
		"text": "blobcatfearful",
		"category": "Cat"
	},
	{
		"icon": "https://jsd.typecho.co.uk/emoji/cat/blobcatfingerguns.png",
		"data": ":[blobcatfingerguns]",
		"text": "blobcatfingerguns",
		"category": "Cat"
	},
	{
		"icon": "https://jsd.typecho.co.uk/emoji/cat/blobcatflip.png",
		"data": ":[blobcatflip]",
		"text": "blobcatflip",
		"category": "Cat"
	},
	{
		"icon": "https://jsd.typecho.co.uk/emoji/cat/blobcatflower.png",
		"data": ":[blobcatflower]",
		"text": "blobcatflower",
		"category": "Cat"
	},
	{
		"icon": "https://jsd.typecho.co.uk/emoji/cat/blobcatgay.png",
		"data": ":[blobcatgay]",
		"text": "blobcatgay",
		"category": "Cat"
	},
	{
		"icon": "https://jsd.typecho.co.uk/emoji/cat/blobcatgooglycry.png",
		"data": ":[blobcatgooglycry]",
		"text": "blobcatgooglycry",
		"category": "Cat"
	},
	{
		"icon": "https://jsd.typecho.co.uk/emoji/cat/blobcatneutral.png",
		"data": ":[blobcatneutral]",
		"text": "blobcatneutral",
		"category": "Cat"
	},
	{
		"icon": "https://jsd.typecho.co.uk/emoji/cat/blobcatopenmouth.png",
		"data": ":[blobcatopenmouth]",
		"text": "blobcatopenmouth",
		"category": "Cat"
	},
	{
		"icon": "https://jsd.typecho.co.uk/emoji/cat/blobcatsadreach.png",
		"data": ":[blobcatsadreach]",
		"text": "blobcatsadreach",
		"category": "Cat"
	},
	{
		"icon": "https://jsd.typecho.co.uk/emoji/cat/blobcatscared.png",
		"data": ":[blobcatscared]",
		"text": "blobcatscared",
		"category": "Cat"
	},
	{
		"icon": "https://jsd.typecho.co.uk/emoji/cat/blobcatnomblobcat.png",
		"data": ":[blobcatnomblobcat]",
		"text": "blobcatnomblobcat",
		"category": "Cat"
	},
	{
		"icon": "https://jsd.typecho.co.uk/emoji/cat/blobcatpresentred.png",
		"data": ":[blobcatpresentred]",
		"text": "blobcatpresentred",
		"category": "Cat"
	},
	{
		"icon": "https://jsd.typecho.co.uk/emoji/cat/blobcatread.png",
		"data": ":[blobcatread]",
		"text": "blobcatread",
		"category": "Cat"
	},
	{
		"icon": "https://jsd.typecho.co.uk/emoji/cat/blobcatsipsweat.png",
		"data": ":[blobcatsipsweat]",
		"text": "blobcatsipsweat",
		"category": "Cat"
	},
	{
		"icon": "https://jsd.typecho.co.uk/emoji/cat/blobcatsnapped.png",
		"data": ":[blobcatsnapped]",
		"text": "blobcatsnapped",
		"category": "Cat"
	},
	{
		"icon": "https://jsd.typecho.co.uk/emoji/cat/blobcatthink.png",
		"data": ":[blobcatthink]",
		"text": "blobcatthink",
		"category": "Cat"
	},
	{
		"icon": "https://jsd.typecho.co.uk/emoji/cat/blobcattriumph.png",
		"data": ":[blobcattriumph]",
		"text": "blobcattriumph",
		"category": "Cat"
	},
	{
		"icon": "https://jsd.typecho.co.uk/emoji/cat/blobcatumm.png",
		"data": ":[blobcatumm]",
		"text": "blobcatumm",
		"category": "Cat"
	},
	{
		"icon": "https://jsd.typecho.co.uk/emoji/cat/blobcatverified.png",
		"data": ":[blobcatverified]",
		"text": "blobcatverified",
		"category": "Cat"
	},
	{
		"icon": "https://jsd.typecho.co.uk/emoji/cat/blobcatbox.png",
		"data": ":[blobcatbox]",
		"text": "blobcatbox",
		"category": "Cat"
	},
	{
		"icon": "https://jsd.typecho.co.uk/emoji/cat/blobcatcaged.png",
		"data": ":[blobcatcaged]",
		"text": "blobcatcaged",
		"category": "Cat"
	},
	{
		"icon": "https://jsd.typecho.co.uk/emoji/cat/blobcatgooglytrash.png",
		"data": ":[blobcatgooglytrash]",
		"text": "blobcatgooglytrash",
		"category": "Cat"
	},
	{
		"icon": "https://jsd.typecho.co.uk/emoji/cat/blobcatheadphones.png",
		"data": ":[blobcatheadphones]",
		"text": "blobcatheadphones",
		"category": "Cat"
	},
	{
		"icon": "https://jsd.typecho.co.uk/emoji/cat/blobcathighfive.png",
		"data": ":[blobcathighfive]",
		"text": "blobcathighfive",
		"category": "Cat"
	},
	{
		"icon": "https://jsd.typecho.co.uk/emoji/cat/blobcatmelt.png",
		"data": ":[blobcatmelt]",
		"text": "blobcatmelt",
		"category": "Cat"
	},
	{
		"icon": "https://jsd.typecho.co.uk/emoji/cat/blobcatmeltthumb.png",
		"data": ":[blobcatmeltthumb]",
		"text": "blobcatmeltthumb",
		"category": "Cat"
	},
	{
		"icon": "https://jsd.typecho.co.uk/emoji/cat/blobcatnotlikethis.png",
		"data": ":[blobcatnotlikethis]",
		"text": "blobcatnotlikethis",
		"category": "Cat"
	},
	{
		"icon": "https://jsd.typecho.co.uk/emoji/cat/blobcatsaitama.png",
		"data": ":[blobcatsaitama]",
		"text": "blobcatsaitama",
		"category": "Cat"
	},
	{
		"icon": "https://jsd.typecho.co.uk/emoji/cat/blobcatyandere.png",
		"data": ":[blobcatyandere]",
		"text": "blobcatyandere",
		"category": "Cat"
	},
	{
		"icon": "https://jsd.typecho.co.uk/emoji/cat/blobcatpeek2.png",
		"data": ":[blobcatpeek2]",
		"text": "blobcatpeek2",
		"category": "Cat"
	},
	{
		"icon": "https://jsd.typecho.co.uk/emoji/cat/blobcatpeekaboo.png",
		"data": ":[blobcatpeekaboo]",
		"text": "blobcatpeekaboo",
		"category": "Cat"
	},
	{
		"icon": "https://jsd.typecho.co.uk/emoji/cat/blobcatphoto.png",
		"data": ":[blobcatphoto]",
		"text": "blobcatphoto",
		"category": "Cat"
	},
	{
		"icon": "https://jsd.typecho.co.uk/emoji/cat/ablobcatattentionreverse.png",
		"data": ":[ablobcatattentionreverse]",
		"text": "ablobcatattentionreverse",
		"category": "Cat"
	},
	{
		"icon": "https://jsd.typecho.co.uk/emoji/cat/ablobcatreachrev.png",
		"data": ":[ablobcatreachrev]",
		"text": "ablobcatreachrev",
		"category": "Cat"
	},
	{
		"icon": "https://jsd.typecho.co.uk/emoji/cat/ablobcatwave.png",
		"data": ":[ablobcatwave]",
		"text": "ablobcatwave",
		"category": "Cat"
	},
	{
		"icon": "https://jsd.typecho.co.uk/emoji/cat/blobcatalt.png",
		"data": ":[blobcatalt]",
		"text": "blobcatalt",
		"category": "Cat"
	},
	{
		"icon": "https://jsd.typecho.co.uk/emoji/cat/blobcatpolice.png",
		"data": ":[blobcatpolice]",
		"text": "blobcatpolice",
		"category": "Cat"
	},
	{
		"icon": "https://jsd.typecho.co.uk/emoji/cat/blobcatshocked.png",
		"data": ":[blobcatshocked]",
		"text": "blobcatshocked",
		"category": "Cat"
	},
	{
		"icon": "https://jsd.typecho.co.uk/emoji/cat/ablobcatrainbow.png",
		"data": ":[ablobcatrainbow]",
		"text": "ablobcatrainbow",
		"category": "Cat"
	},
	{
		"icon": "https://jsd.typecho.co.uk/emoji/heo/3d眼镜.png",
		"data": ":[3d眼镜]",
		"text": "3d眼镜",
		"category": "Heo"
	},
	{
		"icon": "https://jsd.typecho.co.uk/emoji/heo/EDG.png",
		"data": ":[EDG]",
		"text": "EDG",
		"category": "Heo"
	},
	{
		"icon": "https://jsd.typecho.co.uk/emoji/heo/LPL.png",
		"data": ":[LPL]",
		"text": "LPL",
		"category": "Heo"
	},
	{
		"icon": "https://jsd.typecho.co.uk/emoji/heo/beluga.png",
		"data": ":[beluga]",
		"text": "beluga",
		"category": "Heo"
	},
	{
		"icon": "https://jsd.typecho.co.uk/emoji/heo/不好意思.png",
		"data": ":[不好意思]",
		"text": "不好意思",
		"category": "Heo"
	},
	{
		"icon": "https://jsd.typecho.co.uk/emoji/heo/不服吗.png",
		"data": ":[不服吗]",
		"text": "不服吗",
		"category": "Heo"
	},
	{
		"icon": "https://jsd.typecho.co.uk/emoji/heo/亲亲.png",
		"data": ":[亲亲]",
		"text": "亲亲",
		"category": "Heo"
	},
	{
		"icon": "https://jsd.typecho.co.uk/emoji/heo/伞兵.png",
		"data": ":[伞兵]",
		"text": "伞兵",
		"category": "Heo"
	},
	{
		"icon": "https://jsd.typecho.co.uk/emoji/heo/倚墙笑.png",
		"data": ":[倚墙笑]",
		"text": "倚墙笑",
		"category": "Heo"
	},
	{
		"icon": "https://jsd.typecho.co.uk/emoji/heo/值得肯定.png",
		"data": ":[值得肯定]",
		"text": "值得肯定",
		"category": "Heo"
	},
	{
		"icon": "https://jsd.typecho.co.uk/emoji/heo/偷偷看.png",
		"data": ":[偷偷看]",
		"text": "偷偷看",
		"category": "Heo"
	},
	{
		"icon": "https://jsd.typecho.co.uk/emoji/heo/傻笑.png",
		"data": ":[傻笑]",
		"text": "傻笑",
		"category": "Heo"
	},
	{
		"icon": "https://jsd.typecho.co.uk/emoji/heo/再见.png",
		"data": ":[再见]",
		"text": "再见",
		"category": "Heo"
	},
	{
		"icon": "https://jsd.typecho.co.uk/emoji/heo/出家人.png",
		"data": ":[出家人]",
		"text": "出家人",
		"category": "Heo"
	},
	{
		"icon": "https://jsd.typecho.co.uk/emoji/heo/击剑.png",
		"data": ":[击剑]",
		"text": "击剑",
		"category": "Heo"
	},
	{
		"icon": "https://jsd.typecho.co.uk/emoji/heo/加班.png",
		"data": ":[加班]",
		"text": "加班",
		"category": "Heo"
	},
	{
		"icon": "https://jsd.typecho.co.uk/emoji/heo/勉强笑.png",
		"data": ":[勉强笑]",
		"text": "勉强笑",
		"category": "Heo"
	},
	{
		"icon": "https://jsd.typecho.co.uk/emoji/heo/危险.png",
		"data": ":[危险]",
		"text": "危险",
		"category": "Heo"
	},
	{
		"icon": "https://jsd.typecho.co.uk/emoji/heo/发红包.png",
		"data": ":[发红包]",
		"text": "发红包",
		"category": "Heo"
	},
	{
		"icon": "https://jsd.typecho.co.uk/emoji/heo/吃手.png",
		"data": ":[吃手]",
		"text": "吃手",
		"category": "Heo"
	},
	{
		"icon": "https://jsd.typecho.co.uk/emoji/heo/吃瓜.png",
		"data": ":[吃瓜]",
		"text": "吃瓜",
		"category": "Heo"
	},
	{
		"icon": "https://jsd.typecho.co.uk/emoji/heo/吐血.png",
		"data": ":[吐血]",
		"text": "吐血",
		"category": "Heo"
	},
	{
		"icon": "https://jsd.typecho.co.uk/emoji/heo/吵架.png",
		"data": ":[吵架]",
		"text": "吵架",
		"category": "Heo"
	},
	{
		"icon": "https://jsd.typecho.co.uk/emoji/heo/呦吼.png",
		"data": ":[呦吼]",
		"text": "呦吼",
		"category": "Heo"
	},
	{
		"icon": "https://jsd.typecho.co.uk/emoji/heo/呲牙笑.png",
		"data": ":[呲牙笑]",
		"text": "呲牙笑",
		"category": "Heo"
	},{
		"icon": "https://jsd.typecho.co.uk/emoji/heo/哈士奇.png",
		"data": ":[哈士奇]",
		"text": "哈士奇",
		"category": "Heo"
	},{
		"icon": "https://jsd.typecho.co.uk/emoji/heo/哈士奇失去意识.png",
		"data": ":[哈士奇失去意识]",
		"text": "哈士奇失去意识",
		"category": "Heo"
	},{
		"icon": "https://jsd.typecho.co.uk/emoji/heo/哈士奇失望.png",
		"data": ":[哈士奇失望]",
		"text": "哈士奇失望",
		"category": "Heo"
	},{
		"icon": "https://jsd.typecho.co.uk/emoji/heo/哭泣.png",
		"data": ":[哭泣]",
		"text": "哭泣",
		"category": "Heo"
	},{
		"icon": "https://jsd.typecho.co.uk/emoji/heo/唱歌.png",
		"data": ":[唱歌]",
		"text": "唱歌",
		"category": "Heo"
	},{
		"icon": "https://jsd.typecho.co.uk/emoji/heo/喜欢.png",
		"data": ":[喜欢]",
		"text": "喜欢",
		"category": "Heo"
	},{
		"icon": "https://jsd.typecho.co.uk/emoji/heo/嘿哈.png",
		"data": ":[嘿哈]",
		"text": "嘿哈",
		"category": "Heo"
	},{
		"icon": "https://jsd.typecho.co.uk/emoji/heo/大笑.png",
		"data": ":[大笑]",
		"text": "大笑",
		"category": "Heo"
	},{
		"icon": "https://jsd.typecho.co.uk/emoji/heo/失去信号.png",
		"data": ":[失去信号]",
		"text": "失去信号",
		"category": "Heo"
	},{
		"icon": "https://jsd.typecho.co.uk/emoji/heo/失望.png",
		"data": ":[失望]",
		"text": "失望",
		"category": "Heo"
	},{
		"icon": "https://jsd.typecho.co.uk/emoji/heo/头秃.png",
		"data": ":[头秃]",
		"text": "头秃",
		"category": "Heo"
	},{
		"icon": "https://jsd.typecho.co.uk/emoji/heo/奋斗.png",
		"data": ":[奋斗]",
		"text": "奋斗",
		"category": "Heo"
	},{
		"icon": "https://jsd.typecho.co.uk/emoji/heo/好奇.png",
		"data": ":[好奇]",
		"text": "好奇",
		"category": "Heo"
	},{
		"icon": "https://jsd.typecho.co.uk/emoji/heo/好的.png",
		"data": ":[好的]",
		"text": "好的",
		"category": "Heo"
	},{
		"icon": "https://jsd.typecho.co.uk/emoji/heo/害羞.png",
		"data": ":[害羞]",
		"text": "害羞",
		"category": "Heo"
	},{
		"icon": "https://jsd.typecho.co.uk/emoji/heo/小丑.png",
		"data": ":[小丑]",
		"text": "小丑",
		"category": "Heo"
	},{
		"icon": "https://jsd.typecho.co.uk/emoji/heo/小偷.png",
		"data": ":[小偷]",
		"text": "小偷",
		"category": "Heo"
	},{
		"icon": "https://jsd.typecho.co.uk/emoji/heo/尬笑.png",
		"data": ":[尬笑]",
		"text": "尬笑",
		"category": "Heo"
	},{
		"icon": "https://jsd.typecho.co.uk/emoji/heo/尴尬.png",
		"data": ":[尴尬]",
		"text": "尴尬",
		"category": "Heo"
	},{
		"icon": "https://jsd.typecho.co.uk/emoji/heo/应援.png",
		"data": ":[应援]",
		"text": "应援",
		"category": "Heo"
	},{
		"icon": "https://jsd.typecho.co.uk/emoji/heo/开心.png",
		"data": ":[开心]",
		"text": "开心",
		"category": "Heo"
	},{
		"icon": "https://jsd.typecho.co.uk/emoji/heo/引起不适.png",
		"data": ":[引起不适]",
		"text": "引起不适",
		"category": "Heo"
	},{
		"icon": "https://jsd.typecho.co.uk/emoji/heo/微笑.png",
		"data": ":[微笑]",
		"text": "微笑",
		"category": "Heo"
	},{
		"icon": "https://jsd.typecho.co.uk/emoji/heo/思考.png",
		"data": ":[思考]",
		"text": "思考",
		"category": "Heo"
	},{
		"icon": "https://jsd.typecho.co.uk/emoji/heo/恶心.png",
		"data": ":[恶心]",
		"text": "恶心",
		"category": "Heo"
	},{
		"icon": "https://jsd.typecho.co.uk/emoji/heo/恶魔.png",
		"data": ":[恶魔]",
		"text": "恶魔",
		"category": "Heo"
	},{
		"icon": "https://jsd.typecho.co.uk/emoji/heo/恶魔恐惧.png",
		"data": ":[恶魔恐惧]",
		"text": "恶魔恐惧",
		"category": "Heo"
	},{
		"icon": "https://jsd.typecho.co.uk/emoji/heo/惊吓.png",
		"data": ":[惊吓]",
		"text": "惊吓",
		"category": "Heo"
	},{
		"icon": "https://jsd.typecho.co.uk/emoji/heo/惊吓白眼.png",
		"data": ":[惊吓白眼]",
		"text": "惊吓白眼",
		"category": "Heo"
	},{
		"icon": "https://jsd.typecho.co.uk/emoji/heo/惊讶.png",
		"data": ":[惊讶]",
		"text": "惊讶",
		"category": "Heo"
	},{
		"icon": "https://jsd.typecho.co.uk/emoji/heo/惬意.png",
		"data": ":[惬意]",
		"text": "惬意",
		"category": "Heo"
	},{
		"icon": "https://jsd.typecho.co.uk/emoji/heo/感动.png",
		"data": ":[感动]",
		"text": "感动",
		"category": "Heo"
	},{
		"icon": "https://jsd.typecho.co.uk/emoji/heo/愤怒.png",
		"data": ":[愤怒]",
		"text": "愤怒",
		"category": "Heo"
	},{
		"icon": "https://jsd.typecho.co.uk/emoji/heo/我看好你.png",
		"data": ":[我看好你]",
		"text": "我看好你",
		"category": "Heo"
	},{
		"icon": "https://jsd.typecho.co.uk/emoji/heo/手机相机.png",
		"data": ":[手机相机]",
		"text": "手机相机",
		"category": "Heo"
	},{
		"icon": "https://jsd.typecho.co.uk/emoji/heo/打咩.png",
		"data": ":[打咩]",
		"text": "打咩",
		"category": "Heo"
	},{
		"icon": "https://jsd.typecho.co.uk/emoji/heo/打牌.png",
		"data": ":[打牌]",
		"text": "打牌",
		"category": "Heo"
	},{
		"icon": "https://jsd.typecho.co.uk/emoji/heo/托腮.png",
		"data": ":[托腮]",
		"text": "托腮",
		"category": "Heo"
	},{
		"icon": "https://jsd.typecho.co.uk/emoji/heo/扶额.png",
		"data": ":[扶额]",
		"text": "扶额",
		"category": "Heo"
	},{
		"icon": "https://jsd.typecho.co.uk/emoji/heo/抠鼻.png",
		"data": ":[抠鼻]",
		"text": "抠鼻",
		"category": "Heo"
	},{
		"icon": "https://jsd.typecho.co.uk/emoji/heo/抬眼镜.png",
		"data": ":[抬眼镜]",
		"text": "抬眼镜",
		"category": "Heo"
	},{
		"icon": "https://jsd.typecho.co.uk/emoji/heo/拜托.png",
		"data": ":[拜托]",
		"text": "拜托",
		"category": "Heo"
	},{
		"icon": "https://jsd.typecho.co.uk/emoji/heo/捂嘴笑.png",
		"data": ":[捂嘴笑]",
		"text": "捂嘴笑",
		"category": "Heo"
	},{
		"icon": "https://jsd.typecho.co.uk/emoji/heo/捂脸.png",
		"data": ":[捂脸]",
		"text": "捂脸",
		"category": "Heo"
	},{
		"icon": "https://jsd.typecho.co.uk/emoji/heo/擦汗.png",
		"data": ":[擦汗]",
		"text": "擦汗",
		"category": "Heo"
	},{
		"icon": "https://jsd.typecho.co.uk/emoji/heo/放鞭炮.png",
		"data": ":[放鞭炮]",
		"text": "放鞭炮",
		"category": "Heo"
	},{
		"icon": "https://jsd.typecho.co.uk/emoji/heo/敬礼.png",
		"data": ":[敬礼]",
		"text": "敬礼",
		"category": "Heo"
	},{
		"icon": "https://jsd.typecho.co.uk/emoji/heo/整理发型.png",
		"data": ":[整理发型]",
		"text": "整理发型",
		"category": "Heo"
	},{
		"icon": "https://jsd.typecho.co.uk/emoji/heo/斗鸡眼.png",
		"data": ":[斗鸡眼]",
		"text": "斗鸡眼",
		"category": "Heo"
	},{
		"icon": "https://jsd.typecho.co.uk/emoji/heo/智慧的眼神.png",
		"data": ":[智慧的眼神]",
		"text": "智慧的眼神",
		"category": "Heo"
	},{
		"icon": "https://jsd.typecho.co.uk/emoji/heo/月饼.png",
		"data": ":[月饼]",
		"text": "月饼",
		"category": "Heo"
	},{
		"icon": "https://jsd.typecho.co.uk/emoji/heo/有没有搞错.png",
		"data": ":[有没有搞错]",
		"text": "有没有搞错",
		"category": "Heo"
	},{
		"icon": "https://jsd.typecho.co.uk/emoji/heo/正确.png",
		"data": ":[正确]",
		"text": "正确",
		"category": "Heo"
	},{
		"icon": "https://jsd.typecho.co.uk/emoji/heo/没招.png",
		"data": ":[没招]",
		"text": "没招",
		"category": "Heo"
	},{
		"icon": "https://jsd.typecho.co.uk/emoji/heo/波吉.png",
		"data": ":[波吉]",
		"text": "波吉",
		"category": "Heo"
	},{
		"icon": "https://jsd.typecho.co.uk/emoji/heo/泪奔.png",
		"data": ":[泪奔]",
		"text": "泪奔",
		"category": "Heo"
	},{
		"icon": "https://jsd.typecho.co.uk/emoji/heo/流汗微笑.png",
		"data": ":[流汗微笑]",
		"text": "流汗微笑",
		"category": "Heo"
	},{
		"icon": "https://jsd.typecho.co.uk/emoji/heo/流鼻涕.png",
		"data": ":[流鼻涕]",
		"text": "流鼻涕",
		"category": "Heo"
	},{
		"icon": "https://jsd.typecho.co.uk/emoji/heo/深思.png",
		"data": ":[深思]",
		"text": "深思",
		"category": "Heo"
	},{
		"icon": "https://jsd.typecho.co.uk/emoji/heo/滑稽.png",
		"data": ":[滑稽]",
		"text": "滑稽",
		"category": "Heo"
	},{
		"icon": "https://jsd.typecho.co.uk/emoji/heo/滑稽吃瓜.png",
		"data": ":[滑稽吃瓜]",
		"text": "滑稽吃瓜",
		"category": "Heo"
	},{
		"icon": "https://jsd.typecho.co.uk/emoji/heo/滑稽喝水.png",
		"data": ":[滑稽喝水]",
		"text": "滑稽喝水",
		"category": "Heo"
	},{
		"icon": "https://jsd.typecho.co.uk/emoji/heo/滑稽奶茶.png",
		"data": ":[滑稽奶茶]",
		"text": "滑稽奶茶",
		"category": "Heo"
	},{
		"icon": "https://jsd.typecho.co.uk/emoji/heo/滑稽柠檬.png",
		"data": ":[滑稽柠檬]",
		"text": "滑稽柠檬",
		"category": "Heo"
	},{
		"icon": "https://jsd.typecho.co.uk/emoji/heo/滑稽狂汗.png",
		"data": ":[滑稽狂汗]",
		"text": "滑稽狂汗",
		"category": "Heo"
	},{
		"icon": "https://jsd.typecho.co.uk/emoji/heo/滑稽被子.png",
		"data": ":[滑稽被子]",
		"text": "滑稽被子",
		"category": "Heo"
	},{
		"icon": "https://jsd.typecho.co.uk/emoji/heo/烦恼.png",
		"data": ":[烦恼]",
		"text": "烦恼",
		"category": "Heo"
	},{
		"icon": "https://jsd.typecho.co.uk/emoji/heo/熊熊.png",
		"data": ":[熊熊]",
		"text": "熊熊",
		"category": "Heo"
	},{
		"icon": "https://jsd.typecho.co.uk/emoji/heo/熊猫.png",
		"data": ":[熊猫]",
		"text": "熊猫",
		"category": "Heo"
	},{
		"icon": "https://jsd.typecho.co.uk/emoji/heo/熊猫唱歌.png",
		"data": ":[熊猫唱歌]",
		"text": "熊猫唱歌",
		"category": "Heo"
	},{
		"icon": "https://jsd.typecho.co.uk/emoji/heo/熊猫喜欢.png",
		"data": ":[熊猫喜欢]",
		"text": "熊猫喜欢",
		"category": "Heo"
	},{
		"icon": "https://jsd.typecho.co.uk/emoji/heo/熊猫失望.png",
		"data": ":[熊猫失望]",
		"text": "熊猫失望",
		"category": "Heo"
	},{
		"icon": "https://jsd.typecho.co.uk/emoji/heo/熊猫意外.png",
		"data": ":[熊猫意外]",
		"text": "熊猫意外",
		"category": "Heo"
	},{
		"icon": "https://jsd.typecho.co.uk/emoji/heo/熬夜.png",
		"data": ":[熬夜]",
		"text": "熬夜",
		"category": "Heo"
	},{
		"icon": "https://jsd.typecho.co.uk/emoji/heo/爆炸.png",
		"data": ":[爆炸]",
		"text": "爆炸",
		"category": "Heo"
	},{
		"icon": "https://jsd.typecho.co.uk/emoji/heo/牛年进宝.png",
		"data": ":[牛年进宝]",
		"text": "牛年进宝",
		"category": "Heo"
	},{
		"icon": "https://jsd.typecho.co.uk/emoji/heo/狂热.png",
		"data": ":[狂热]",
		"text": "狂热",
		"category": "Heo"
	},{
		"icon": "https://jsd.typecho.co.uk/emoji/heo/狗头.png",
		"data": ":[狗头]",
		"text": "狗头",
		"category": "Heo"
	},{
		"icon": "https://jsd.typecho.co.uk/emoji/heo/狗头围脖.png",
		"data": ":[狗头围脖]",
		"text": "狗头围脖",
		"category": "Heo"
	},{
		"icon": "https://jsd.typecho.co.uk/emoji/heo/狗头失望.png",
		"data": ":[狗头失望]",
		"text": "狗头失望",
		"category": "Heo"
	},{
		"icon": "https://jsd.typecho.co.uk/emoji/heo/狗头意外.png",
		"data": ":[狗头意外]",
		"text": "狗头意外",
		"category": "Heo"
	},{
		"icon": "https://jsd.typecho.co.uk/emoji/heo/狗头胖次.png",
		"data": ":[狗头胖次]",
		"text": "狗头胖次",
		"category": "Heo"
	},{
		"icon": "https://jsd.typecho.co.uk/emoji/heo/狗头花.png",
		"data": ":[狗头花]",
		"text": "狗头花",
		"category": "Heo"
	},{
		"icon": "https://jsd.typecho.co.uk/emoji/heo/狗头草.png",
		"data": ":[狗头草]",
		"text": "狗头草",
		"category": "Heo"
	},{
		"icon": "https://jsd.typecho.co.uk/emoji/heo/猪头.png",
		"data": ":[猪头]",
		"text": "猪头",
		"category": "Heo"
	},{
		"icon": "https://jsd.typecho.co.uk/emoji/heo/猪头意外.png",
		"data": ":[猪头意外]",
		"text": "猪头意外",
		"category": "Heo"
	},{
		"icon": "https://jsd.typecho.co.uk/emoji/heo/生病.png",
		"data": ":[生病]",
		"text": "生病",
		"category": "Heo"
	},{
		"icon": "https://jsd.typecho.co.uk/emoji/heo/电话.png",
		"data": ":[电话]",
		"text": "电话",
		"category": "Heo"
	},{
		"icon": "https://jsd.typecho.co.uk/emoji/heo/疑问.png",
		"data": ":[疑问]",
		"text": "疑问",
		"category": "Heo"
	},{
		"icon": "https://jsd.typecho.co.uk/emoji/heo/疼痛.png",
		"data": ":[疼痛]",
		"text": "疼痛",
		"category": "Heo"
	},{
		"icon": "https://jsd.typecho.co.uk/emoji/heo/痛哭.png",
		"data": ":[痛哭]",
		"text": "痛哭",
		"category": "Heo"
	},{
		"icon": "https://jsd.typecho.co.uk/emoji/heo/看穿一切.png",
		"data": ":[看穿一切]",
		"text": "看穿一切",
		"category": "Heo"
	},{
		"icon": "https://jsd.typecho.co.uk/emoji/heo/眩晕.png",
		"data": ":[眩晕]",
		"text": "眩晕",
		"category": "Heo"
	},{
		"icon": "https://jsd.typecho.co.uk/emoji/heo/睡觉.png",
		"data": ":[睡觉]",
		"text": "睡觉",
		"category": "Heo"
	},{
		"icon": "https://jsd.typecho.co.uk/emoji/heo/禁言.png",
		"data": ":[禁言]",
		"text": "禁言",
		"category": "Heo"
	},{
		"icon": "https://jsd.typecho.co.uk/emoji/heo/笑哭.png",
		"data": ":[笑哭]",
		"text": "笑哭",
		"category": "Heo"
	},{
		"icon": "https://jsd.typecho.co.uk/emoji/heo/纠结.png",
		"data": ":[纠结]",
		"text": "纠结",
		"category": "Heo"
	},{
		"icon": "https://jsd.typecho.co.uk/emoji/heo/绿帽.png",
		"data": ":[绿帽]",
		"text": "绿帽",
		"category": "Heo"
	},{
		"icon": "https://jsd.typecho.co.uk/emoji/heo/缺牙笑.png",
		"data": ":[缺牙笑]",
		"text": "缺牙笑",
		"category": "Heo"
	},{
		"icon": "https://jsd.typecho.co.uk/emoji/heo/翻白眼.png",
		"data": ":[翻白眼]",
		"text": "翻白眼",
		"category": "Heo"
	},{
		"icon": "https://jsd.typecho.co.uk/emoji/heo/老虎意外.png",
		"data": ":[老虎意外]",
		"text": "老虎意外",
		"category": "Heo"
	},{
		"icon": "https://jsd.typecho.co.uk/emoji/heo/耍酷.png",
		"data": ":[耍酷]",
		"text": "耍酷",
		"category": "Heo"
	},{
		"icon": "https://jsd.typecho.co.uk/emoji/heo/胡子.png",
		"data": ":[胡子]",
		"text": "胡子",
		"category": "Heo"
	},{
		"icon": "https://jsd.typecho.co.uk/emoji/heo/菜狗.png",
		"data": ":[菜狗]",
		"text": "菜狗",
		"category": "Heo"
	},{
		"icon": "https://jsd.typecho.co.uk/emoji/heo/菜狗花.png",
		"data": ":[菜狗花]",
		"text": "菜狗花",
		"category": "Heo"
	},{
		"icon": "https://jsd.typecho.co.uk/emoji/heo/蒙面滑稽.png",
		"data": ":[蒙面滑稽]",
		"text": "蒙面滑稽",
		"category": "Heo"
	},{
		"icon": "https://jsd.typecho.co.uk/emoji/heo/虎年进宝.png",
		"data": ":[虎年进宝]",
		"text": "虎年进宝",
		"category": "Heo"
	},{
		"icon": "https://jsd.typecho.co.uk/emoji/heo/被打.png",
		"data": ":[被打]",
		"text": "被打",
		"category": "Heo"
	},{
		"icon": "https://jsd.typecho.co.uk/emoji/heo/裂开.png",
		"data": ":[裂开]",
		"text": "裂开",
		"category": "Heo"
	},{
		"icon": "https://jsd.typecho.co.uk/emoji/heo/警告.png",
		"data": ":[警告]",
		"text": "警告",
		"category": "Heo"
	},{
		"icon": "https://jsd.typecho.co.uk/emoji/heo/读书.png",
		"data": ":[读书]",
		"text": "读书",
		"category": "Heo"
	},{
		"icon": "https://jsd.typecho.co.uk/emoji/heo/财神红包.png",
		"data": ":[财神红包]",
		"text": "财神红包",
		"category": "Heo"
	},{
		"icon": "https://jsd.typecho.co.uk/emoji/heo/超爱.png",
		"data": ":[超爱]",
		"text": "超爱",
		"category": "Heo"
	},{
		"icon": "https://jsd.typecho.co.uk/emoji/heo/这是啥.png",
		"data": ":[这是啥]",
		"text": "这是啥",
		"category": "Heo"
	},{
		"icon": "https://jsd.typecho.co.uk/emoji/heo/送福.png",
		"data": ":[送福]",
		"text": "送福",
		"category": "Heo"
	},{
		"icon": "https://jsd.typecho.co.uk/emoji/heo/送花.png",
		"data": ":[送花]",
		"text": "送花",
		"category": "Heo"
	},{
		"icon": "https://jsd.typecho.co.uk/emoji/heo/错误.png",
		"data": ":[错误]",
		"text": "错误",
		"category": "Heo"
	},{
		"icon": "https://jsd.typecho.co.uk/emoji/heo/阴险.png",
		"data": ":[阴险]",
		"text": "阴险",
		"category": "Heo"
	},{
		"icon": "https://jsd.typecho.co.uk/emoji/heo/难以置信.png",
		"data": ":[难以置信]",
		"text": "难以置信",
		"category": "Heo"
	},{
		"icon": "https://jsd.typecho.co.uk/emoji/heo/面具.png",
		"data": ":[面具]",
		"text": "面具",
		"category": "Heo"
	},{
		"icon": "https://jsd.typecho.co.uk/emoji/heo/饥渴.png",
		"data": ":[饥渴]",
		"text": "饥渴",
		"category": "Heo"
	},{
		"icon": "https://jsd.typecho.co.uk/emoji/heo/鬼脸.png",
		"data": ":[鬼脸]",
		"text": "鬼脸",
		"category": "Heo"
	},{
		"icon": "https://jsd.typecho.co.uk/emoji/heo/黑线.png",
		"data": ":[黑线]",
		"text": "黑线",
		"category": "Heo"
	},{
		"icon": "https://jsd.typecho.co.uk/emoji/heo/鼓掌.png",
		"data": ":[鼓掌]",
		"text": "鼓掌",
		"category": "Heo"
	},
	{
		"icon": "https://jsd.typecho.co.uk/emoji/qq/微笑.gif",
		"data": ":^(微笑)",
		"text": "微笑",
		"category": "QQ"
	},
	{
		"icon": "https://jsd.typecho.co.uk/emoji/qq/撇嘴.gif",
		"data": ":^(撇嘴)",
		"text": "撇嘴",
		"category": "QQ"
	},
	{
		"icon": "https://jsd.typecho.co.uk/emoji/qq/色.gif",
		"data": ":^(色)",
		"text": "色",
		"category": "QQ"
	},
	{
		"icon": "https://jsd.typecho.co.uk/emoji/qq/发呆.gif",
		"data": ":^(发呆)",
		"text": "发呆",
		"category": "QQ"
	},
	{
		"icon": "https://jsd.typecho.co.uk/emoji/qq/得意.gif",
		"data": ":^(得意)",
		"text": "得意",
		"category": "QQ"
	},
	{
		"icon": "https://jsd.typecho.co.uk/emoji/qq/流泪.gif",
		"data": ":^(流泪)",
		"text": "流泪",
		"category": "QQ"
	},
	{
		"icon": "https://jsd.typecho.co.uk/emoji/qq/害羞.gif",
		"data": ":^(害羞)",
		"text": "害羞",
		"category": "QQ"
	},
	{
		"icon": "https://jsd.typecho.co.uk/emoji/qq/闭嘴.gif",
		"data": ":^(闭嘴)",
		"text": "闭嘴",
		"category": "QQ"
	},
	{
		"icon": "https://jsd.typecho.co.uk/emoji/qq/睡.gif",
		"data": ":^(睡)",
		"text": "睡",
		"category": "QQ"
	},
	{
		"icon": "https://jsd.typecho.co.uk/emoji/qq/大哭.gif",
		"data": ":^(大哭)",
		"text": "大哭",
		"category": "QQ"
	},
	{
		"icon": "https://jsd.typecho.co.uk/emoji/qq/尴尬.gif",
		"data": ":^(尴尬)",
		"text": "尴尬",
		"category": "QQ"
	},
	{
		"icon": "https://jsd.typecho.co.uk/emoji/qq/呲牙.gif",
		"data": ":^(呲牙)",
		"text": "呲牙",
		"category": "QQ"
	},
	{
		"icon": "https://jsd.typecho.co.uk/emoji/qq/发怒.gif",
		"data": ":^(发怒)",
		"text": "发怒",
		"category": "QQ"
	},
	{
		"icon": "https://jsd.typecho.co.uk/emoji/qq/调皮.gif",
		"data": ":^(调皮)",
		"text": "调皮",
		"category": "QQ"
	},
	{
		"icon": "https://jsd.typecho.co.uk/emoji/qq/惊讶.gif",
		"data": ":^(惊讶)",
		"text": "惊讶",
		"category": "QQ"
	},
	{
		"icon": "https://jsd.typecho.co.uk/emoji/qq/难过.gif",
		"data": ":^(难过)",
		"text": "难过",
		"category": "QQ"
	},
	{
		"icon": "https://jsd.typecho.co.uk/emoji/qq/酷.gif",
		"data": ":^(酷)",
		"text": "酷",
		"category": "QQ"
	},
	{
		"icon": "https://jsd.typecho.co.uk/emoji/qq/冷汗.gif",
		"data": ":^(冷汗)",
		"text": "冷汗",
		"category": "QQ"
	},
	{
		"icon": "https://jsd.typecho.co.uk/emoji/qq/抓狂.gif",
		"data": ":^(抓狂)",
		"text": "抓狂",
		"category": "QQ"
	},
	{
		"icon": "https://jsd.typecho.co.uk/emoji/qq/吐.gif",
		"data": ":^(吐)",
		"text": "吐",
		"category": "QQ"
	},
	{
		"icon": "https://jsd.typecho.co.uk/emoji/qq/偷笑.gif",
		"data": ":^(偷笑)",
		"text": "偷笑",
		"category": "QQ"
	},
	{
		"icon": "https://jsd.typecho.co.uk/emoji/qq/可爱.gif",
		"data": ":^(可爱)",
		"text": "可爱",
		"category": "QQ"
	},
	{
		"icon": "https://jsd.typecho.co.uk/emoji/qq/白眼.gif",
		"data": ":^(白眼)",
		"text": "白眼",
		"category": "QQ"
	},
	{
		"icon": "https://jsd.typecho.co.uk/emoji/qq/傲慢.gif",
		"data": ":^(傲慢)",
		"text": "傲慢",
		"category": "QQ"
	},
	{
		"icon": "https://jsd.typecho.co.uk/emoji/qq/饥饿.gif",
		"data": ":^(饥饿)",
		"text": "饥饿",
		"category": "QQ"
	},
	{
		"icon": "https://jsd.typecho.co.uk/emoji/qq/困.gif",
		"data": ":^(困)",
		"text": "困",
		"category": "QQ"
	},
	{
		"icon": "https://jsd.typecho.co.uk/emoji/qq/惊恐.gif",
		"data": ":^(惊恐)",
		"text": "惊恐",
		"category": "QQ"
	},
	{
		"icon": "https://jsd.typecho.co.uk/emoji/qq/流汗.gif",
		"data": ":^(流汗)",
		"text": "流汗",
		"category": "QQ"
	},
	{
		"icon": "https://jsd.typecho.co.uk/emoji/qq/憨笑.gif",
		"data": ":^(憨笑)",
		"text": "憨笑",
		"category": "QQ"
	},
	{
		"icon": "https://jsd.typecho.co.uk/emoji/qq/大兵.gif",
		"data": ":^(大兵)",
		"text": "大兵",
		"category": "QQ"
	},
	{
		"icon": "https://jsd.typecho.co.uk/emoji/qq/奋斗.gif",
		"data": ":^(奋斗)",
		"text": "奋斗",
		"category": "QQ"
	},
	{
		"icon": "https://jsd.typecho.co.uk/emoji/qq/咒骂.gif",
		"data": ":^(咒骂)",
		"text": "咒骂",
		"category": "QQ"
	},
	{
		"icon": "https://jsd.typecho.co.uk/emoji/qq/疑问.gif",
		"data": ":^(疑问)",
		"text": "疑问",
		"category": "QQ"
	},
	{
		"icon": "https://jsd.typecho.co.uk/emoji/qq/嘘.gif",
		"data": ":^(嘘)",
		"text": "嘘",
		"category": "QQ"
	},
	{
		"icon": "https://jsd.typecho.co.uk/emoji/qq/晕.gif",
		"data": ":^(晕)",
		"text": "晕",
		"category": "QQ"
	},
	{
		"icon": "https://jsd.typecho.co.uk/emoji/qq/折磨.gif",
		"data": ":^(折磨)",
		"text": "折磨",
		"category": "QQ"
	},
	{
		"icon": "https://jsd.typecho.co.uk/emoji/qq/衰.gif",
		"data": ":^(衰)",
		"text": "衰",
		"category": "QQ"
	},
	{
		"icon": "https://jsd.typecho.co.uk/emoji/qq/骷髅.gif",
		"data": ":^(骷髅)",
		"text": "骷髅",
		"category": "QQ"
	},
	{
		"icon": "https://jsd.typecho.co.uk/emoji/qq/敲打.gif",
		"data": ":^(敲打)",
		"text": "敲打",
		"category": "QQ"
	},
	{
		"icon": "https://jsd.typecho.co.uk/emoji/qq/再见.gif",
		"data": ":^(再见)",
		"text": "再见",
		"category": "QQ"
	},
	{
		"icon": "https://jsd.typecho.co.uk/emoji/qq/擦汗.gif",
		"data": ":^(擦汗)",
		"text": "擦汗",
		"category": "QQ"
	},
	{
		"icon": "https://jsd.typecho.co.uk/emoji/qq/抠鼻.gif",
		"data": ":^(抠鼻)",
		"text": "抠鼻",
		"category": "QQ"
	},
	{
		"icon": "https://jsd.typecho.co.uk/emoji/qq/鼓掌.gif",
		"data": ":^(鼓掌)",
		"text": "鼓掌",
		"category": "QQ"
	},
	{
		"icon": "https://jsd.typecho.co.uk/emoji/qq/嗅大了.gif",
		"data": ":^(嗅大了)",
		"text": "嗅大了",
		"category": "QQ"
	},
	{
		"icon": "https://jsd.typecho.co.uk/emoji/qq/坏笑.gif",
		"data": ":^(坏笑)",
		"text": "坏笑",
		"category": "QQ"
	},
	{
		"icon": "https://jsd.typecho.co.uk/emoji/qq/左哼哼.gif",
		"data": ":^(左哼哼)",
		"text": "左哼哼",
		"category": "QQ"
	},
	{
		"icon": "https://jsd.typecho.co.uk/emoji/qq/右哼哼.gif",
		"data": ":^(右哼哼)",
		"text": "右哼哼",
		"category": "QQ"
	},
	{
		"icon": "https://jsd.typecho.co.uk/emoji/qq/哈欠.gif",
		"data": ":^(哈欠)",
		"text": "哈欠",
		"category": "QQ"
	},
	{
		"icon": "https://jsd.typecho.co.uk/emoji/qq/鄙视.gif",
		"data": ":^(鄙视)",
		"text": "鄙视",
		"category": "QQ"
	},
	{
		"icon": "https://jsd.typecho.co.uk/emoji/qq/委屈.gif",
		"data": ":^(委屈)",
		"text": "委屈",
		"category": "QQ"
	},
	{
		"icon": "https://jsd.typecho.co.uk/emoji/qq/可怜.gif",
		"data": ":^(可怜)",
		"text": "可怜",
		"category": "QQ"
	},
	{
		"icon": "https://jsd.typecho.co.uk/emoji/qq/阴险.gif",
		"data": ":^(阴险)",
		"text": "阴险",
		"category": "QQ"
	},
	{
		"icon": "https://jsd.typecho.co.uk/emoji/qq/亲亲.gif",
		"data": ":^(亲亲)",
		"text": "亲亲",
		"category": "QQ"
	},
	{
		"icon": "https://jsd.typecho.co.uk/emoji/qq/吓.gif",
		"data": ":^(吓)",
		"text": "吓",
		"category": "QQ"
	},
	{
		"icon": "https://jsd.typecho.co.uk/emoji/qq/快哭了.gif",
		"data": ":^(快哭了)",
		"text": "快哭了",
		"category": "QQ"
	},
	{
		"icon": "https://jsd.typecho.co.uk/emoji/qq/菜刀.gif",
		"data": ":^(菜刀)",
		"text": "菜刀",
		"category": "QQ"
	},
	{
		"icon": "https://jsd.typecho.co.uk/emoji/qq/西瓜.gif",
		"data": ":^(西瓜)",
		"text": "西瓜",
		"category": "QQ"
	},
	{
		"icon": "https://jsd.typecho.co.uk/emoji/qq/啤酒.gif",
		"data": ":^(啤酒)",
		"text": "啤酒",
		"category": "QQ"
	},
	{
		"icon": "https://jsd.typecho.co.uk/emoji/qq/篮球.gif",
		"data": ":^(篮球)",
		"text": "篮球",
		"category": "QQ"
	},
	{
		"icon": "https://jsd.typecho.co.uk/emoji/qq/乒乓.gif",
		"data": ":^(乒乓)",
		"text": "乒乓",
		"category": "QQ"
	},
	{
		"icon": "https://jsd.typecho.co.uk/emoji/qq/咖啡.gif",
		"data": ":^(咖啡)",
		"text": "咖啡",
		"category": "QQ"
	},
	{
		"icon": "https://jsd.typecho.co.uk/emoji/qq/饭.gif",
		"data": ":^(饭)",
		"text": "饭",
		"category": "QQ"
	},
	{
		"icon": "https://jsd.typecho.co.uk/emoji/qq/猪头.gif",
		"data": ":^(猪头)",
		"text": "猪头",
		"category": "QQ"
	},
	{
		"icon": "https://jsd.typecho.co.uk/emoji/qq/玫瑰.gif",
		"data": ":^(玫瑰)",
		"text": "玫瑰",
		"category": "QQ"
	},
	{
		"icon": "https://jsd.typecho.co.uk/emoji/qq/凋谢.gif",
		"data": ":^(凋谢)",
		"text": "凋谢",
		"category": "QQ"
	},
	{
		"icon": "https://jsd.typecho.co.uk/emoji/qq/心.gif",
		"data": ":^(心)",
		"text": "心",
		"category": "QQ"
	},
	{
		"icon": "https://jsd.typecho.co.uk/emoji/qq/心碎.gif",
		"data": ":^(心碎)",
		"text": "心碎",
		"category": "QQ"
	},
	{
		"icon": "https://jsd.typecho.co.uk/emoji/qq/蛋糕.gif",
		"data": ":^(蛋糕)",
		"text": "蛋糕",
		"category": "QQ"
	},
	{
		"icon": "https://jsd.typecho.co.uk/emoji/qq/炸弹.gif",
		"data": ":^(炸弹)",
		"text": "炸弹",
		"category": "QQ"
	},
	{
		"icon": "https://jsd.typecho.co.uk/emoji/qq/刀.gif",
		"data": ":^(刀)",
		"text": "刀",
		"category": "QQ"
	},
	{
		"icon": "https://jsd.typecho.co.uk/emoji/qq/足球.gif",
		"data": ":^(足球)",
		"text": "足球",
		"category": "QQ"
	},
	{
		"icon": "https://jsd.typecho.co.uk/emoji/qq/瓢虫.gif",
		"data": ":^(瓢虫)",
		"text": "瓢虫",
		"category": "QQ"
	},
	{
		"icon": "https://jsd.typecho.co.uk/emoji/qq/便便.gif",
		"data": ":^(便便)",
		"text": "便便",
		"category": "QQ"
	},
	{
		"icon": "https://jsd.typecho.co.uk/emoji/qq/夜晚.gif",
		"data": ":^(夜晚)",
		"text": "夜晚",
		"category": "QQ"
	},
	{
		"icon": "https://jsd.typecho.co.uk/emoji/qq/太阳.gif",
		"data": ":^(太阳)",
		"text": "太阳",
		"category": "QQ"
	},
	{
		"icon": "https://jsd.typecho.co.uk/emoji/qq/礼物.gif",
		"data": ":^(礼物)",
		"text": "礼物",
		"category": "QQ"
	},
	{
		"icon": "https://jsd.typecho.co.uk/emoji/qq/拥抱.gif",
		"data": ":^(拥抱)",
		"text": "拥抱",
		"category": "QQ"
	},
	{
		"icon": "https://jsd.typecho.co.uk/emoji/qq/强.gif",
		"data": ":^(强)",
		"text": "强",
		"category": "QQ"
	},
	{
		"icon": "https://jsd.typecho.co.uk/emoji/qq/弱.gif",
		"data": ":^(弱)",
		"text": "弱",
		"category": "QQ"
	},
	{
		"icon": "https://jsd.typecho.co.uk/emoji/qq/握手.gif",
		"data": ":^(握手)",
		"text": "握手",
		"category": "QQ"
	},
	{
		"icon": "https://jsd.typecho.co.uk/emoji/qq/胜利.gif",
		"data": ":^(胜利)",
		"text": "胜利",
		"category": "QQ"
	},
	{
		"icon": "https://jsd.typecho.co.uk/emoji/qq/抱拳.gif",
		"data": ":^(抱拳)",
		"text": "抱拳",
		"category": "QQ"
	},
	{
		"icon": "https://jsd.typecho.co.uk/emoji/qq/勾引.gif",
		"data": ":^(勾引)",
		"text": "勾引",
		"category": "QQ"
	},
	{
		"icon": "https://jsd.typecho.co.uk/emoji/qq/拳头.gif",
		"data": ":^(拳头)",
		"text": "拳头",
		"category": "QQ"
	},
	{
		"icon": "https://jsd.typecho.co.uk/emoji/qq/差劲.gif",
		"data": ":^(差劲)",
		"text": "差劲",
		"category": "QQ"
	},
	{
		"icon": "https://jsd.typecho.co.uk/emoji/qq/爱你.gif",
		"data": ":^(爱你)",
		"text": "爱你",
		"category": "QQ"
	},
	{
		"icon": "https://jsd.typecho.co.uk/emoji/qq/NO.gif",
		"data": ":^(NO)",
		"text": "NO",
		"category": "QQ"
	},
	{
		"icon": "https://jsd.typecho.co.uk/emoji/qq/OK.gif",
		"data": ":^(OK)",
		"text": "OK",
		"category": "QQ"
	},
	{
		"icon": "https://jsd.typecho.co.uk/emoji/qq/爱情.gif",
		"data": ":^(爱情)",
		"text": "爱情",
		"category": "QQ"
	},
	{
		"icon": "https://jsd.typecho.co.uk/emoji/qq/飞吻.gif",
		"data": ":^(飞吻)",
		"text": "飞吻",
		"category": "QQ"
	},
	{
		"icon": "https://jsd.typecho.co.uk/emoji/qq/发财.gif",
		"data": ":^(发财)",
		"text": "发财",
		"category": "QQ"
	},
	{
		"icon": "https://jsd.typecho.co.uk/emoji/qq/帅.gif",
		"data": ":^(帅)",
		"text": "帅",
		"category": "QQ"
	},
	{
		"icon": "https://jsd.typecho.co.uk/emoji/qq/雨伞.gif",
		"data": ":^(雨伞)",
		"text": "雨伞",
		"category": "QQ"
	},
	{
		"icon": "https://jsd.typecho.co.uk/emoji/qq/高铁左车头.gif",
		"data": ":^(高铁左车头)",
		"text": "高铁左车头",
		"category": "QQ"
	},
	{
		"icon": "https://jsd.typecho.co.uk/emoji/qq/车厢.gif",
		"data": ":^(车厢)",
		"text": "车厢",
		"category": "QQ"
	},
	{
		"icon": "https://jsd.typecho.co.uk/emoji/qq/高铁右车头.gif",
		"data": ":^(高铁右车头)",
		"text": "高铁右车头",
		"category": "QQ"
	},
	{
		"icon": "https://jsd.typecho.co.uk/emoji/qq/纸巾.gif",
		"data": ":^(纸巾)",
		"text": "纸巾",
		"category": "QQ"
	},
	{
		"icon": "https://jsd.typecho.co.uk/emoji/qq/右太极.gif",
		"data": ":^(右太极)",
		"text": "右太极",
		"category": "QQ"
	},
	{
		"icon": "https://jsd.typecho.co.uk/emoji/qq/左太极.gif",
		"data": ":^(左太极)",
		"text": "左太极",
		"category": "QQ"
	},
	{
		"icon": "https://jsd.typecho.co.uk/emoji/qq/献吻.gif",
		"data": ":^(献吻)",
		"text": "献吻",
		"category": "QQ"
	},
	{
		"icon": "https://jsd.typecho.co.uk/emoji/qq/街舞.gif",
		"data": ":^(街舞)",
		"text": "街舞",
		"category": "QQ"
	},
	{
		"icon": "https://jsd.typecho.co.uk/emoji/qq/激动.gif",
		"data": ":^(激动)",
		"text": "激动",
		"category": "QQ"
	},
	{
		"icon": "https://jsd.typecho.co.uk/emoji/qq/挥动.gif",
		"data": ":^(挥动)",
		"text": "挥动",
		"category": "QQ"
	},
	{
		"icon": "https://jsd.typecho.co.uk/emoji/qq/跳绳.gif",
		"data": ":^(跳绳)",
		"text": "跳绳",
		"category": "QQ"
	},
	{
		"icon": "https://jsd.typecho.co.uk/emoji/qq/回头.gif",
		"data": ":^(回头)",
		"text": "回头",
		"category": "QQ"
	},
	{
		"icon": "https://jsd.typecho.co.uk/emoji/qq/磕头.gif",
		"data": ":^(磕头)",
		"text": "磕头",
		"category": "QQ"
	}, {
		"icon": "https://jsd.typecho.co.uk/emoji/qq/转圈.gif",
		"data": ":^(转圈)",
		"text": "转圈",
		"category": "QQ"
	}, {
		"icon": "https://jsd.typecho.co.uk/emoji/qq/怄火.gif",
		"data": ":^(怄火)",
		"text": "怄火",
		"category": "QQ"
	}, {
		"icon": "https://jsd.typecho.co.uk/emoji/qq/发抖.gif",
		"data": ":^(发抖)",
		"text": "发抖",
		"category": "QQ"
	}, {
		"icon": "https://jsd.typecho.co.uk/emoji/qq/跳跳.gif",
		"data": ":^(跳跳)",
		"text": "跳跳",
		"category": "QQ"
	}, {
		"icon": "https://jsd.typecho.co.uk/emoji/qq/爆筋.gif",
		"data": ":^(爆筋)",
		"text": "爆筋",
		"category": "QQ"
	}, {
		"icon": "https://jsd.typecho.co.uk/emoji/qq/沙发.gif",
		"data": ":^(沙发)",
		"text": "沙发",
		"category": "QQ"
	}, {
		"icon": "https://jsd.typecho.co.uk/emoji/qq/钱.gif",
		"data": ":^(钱)",
		"text": "钱",
		"category": "QQ"
	}, {
		"icon": "https://jsd.typecho.co.uk/emoji/qq/蜡烛.gif",
		"data": ":^(蜡烛)",
		"text": "蜡烛",
		"category": "QQ"
	}, {
		"icon": "https://jsd.typecho.co.uk/emoji/qq/枪.gif",
		"data": ":^(枪)",
		"text": "枪",
		"category": "QQ"
	}, {
		"icon": "https://jsd.typecho.co.uk/emoji/qq/灯.gif",
		"data": ":^(灯)",
		"text": "灯",
		"category": "QQ"
	}, {
		"icon": "https://jsd.typecho.co.uk/emoji/qq/香蕉.gif",
		"data": ":^(香蕉)",
		"text": "香蕉",
		"category": "QQ"
	}, {
		"icon": "https://jsd.typecho.co.uk/emoji/qq/吻.gif",
		"data": ":^(吻)",
		"text": "吻",
		"category": "QQ"
	}, {
		"icon": "https://jsd.typecho.co.uk/emoji/qq/下雨.gif",
		"data": ":^(下雨)",
		"text": "下雨",
		"category": "QQ"
	}, {
		"icon": "https://jsd.typecho.co.uk/emoji/qq/闹钟.gif",
		"data": ":^(闹钟)",
		"text": "闹钟",
		"category": "QQ"
	}, {
		"icon": "https://jsd.typecho.co.uk/emoji/qq/囍.gif",
		"data": ":^(囍)",
		"text": "囍",
		"category": "QQ"
	}, {
		"icon": "https://jsd.typecho.co.uk/emoji/qq/棒棒糖.gif",
		"data": ":^(棒棒糖)",
		"text": "棒棒糖",
		"category": "QQ"
	}, {
		"icon": "https://jsd.typecho.co.uk/emoji/qq/面条.gif",
		"data": ":^(面条)",
		"text": "面条",
		"category": "QQ"
	}, {
		"icon": "https://jsd.typecho.co.uk/emoji/qq/车.gif",
		"data": ":^(车)",
		"text": "车",
		"category": "QQ"
	}, {
		"icon": "https://jsd.typecho.co.uk/emoji/qq/邮件.gif",
		"data": ":^(邮件)",
		"text": "邮件",
		"category": "QQ"
	}, {
		"icon": "https://jsd.typecho.co.uk/emoji/qq/风车.gif",
		"data": ":^(风车)",
		"text": "风车",
		"category": "QQ"
	}, {
		"icon": "https://jsd.typecho.co.uk/emoji/qq/药丸.gif",
		"data": ":^(药丸)",
		"text": "药丸",
		"category": "QQ"
	}, {
		"icon": "https://jsd.typecho.co.uk/emoji/qq/奶瓶.gif",
		"data": ":^(奶瓶)",
		"text": "奶瓶",
		"category": "QQ"
	}, {
		"icon": "https://jsd.typecho.co.uk/emoji/qq/灯笼.gif",
		"data": ":^(灯笼)",
		"text": "灯笼",
		"category": "QQ"
	}, {
		"icon": "https://jsd.typecho.co.uk/emoji/qq/青蛙.gif",
		"data": ":^(青蛙)",
		"text": "青蛙",
		"category": "QQ"
	}, {
		"icon": "https://jsd.typecho.co.uk/emoji/qq/戒指.gif",
		"data": ":^(戒指)",
		"text": "戒指",
		"category": "QQ"
	}, {
		"icon": "https://jsd.typecho.co.uk/emoji/qq/K歌.gif",
		"data": ":^(K歌)",
		"text": "K歌",
		"category": "QQ"
	}, {
		"icon": "https://jsd.typecho.co.uk/emoji/qq/熊猫.gif",
		"data": ":^(熊猫)",
		"text": "熊猫",
		"category": "QQ"
	}, {
		"icon": "https://jsd.typecho.co.uk/emoji/qq/喝彩.gif",
		"data": ":^(喝彩)",
		"text": "喝彩",
		"category": "QQ"
	}, {
		"icon": "https://jsd.typecho.co.uk/emoji/qq/购物.gif",
		"data": ":^(购物)",
		"text": "购物",
		"category": "QQ"
	}, {
		"icon": "https://jsd.typecho.co.uk/emoji/qq/多云.gif",
		"data": ":^(多云)",
		"text": "多云",
		"category": "QQ"
	}, {
		"icon": "https://jsd.typecho.co.uk/emoji/qq/鞭炮.gif",
		"data": ":^(鞭炮)",
		"text": "鞭炮",
		"category": "QQ"
	}, {
		"icon": "https://jsd.typecho.co.uk/emoji/qq/飞机.gif",
		"data": ":^(飞机)",
		"text": "飞机",
		"category": "QQ"
	}, {
		"icon": "https://jsd.typecho.co.uk/emoji/qq/气球.gif",
		"data": ":^(气球)",
		"text": "气球",
		"category": "QQ"
	},
	{
		"icon": "https://jsd.typecho.co.uk/emoji/weibo/doge.png",
		"data": ":)(doge)",
		"text": "doge",
		"category": "微博"
	},
	{
		"icon": "https://jsd.typecho.co.uk/emoji/weibo/miao.png",
		"data": ":)(miao)",
		"text": "miao",
		"category": "微博"
	},
	{
		"icon": "https://jsd.typecho.co.uk/emoji/weibo/dog1.png",
		"data": ":)(dog1)",
		"text": "dog1",
		"category": "微博"
	},
	{
		"icon": "https://jsd.typecho.co.uk/emoji/weibo/erha.png",
		"data": ":)(erha)",
		"text": "erha",
		"category": "微博"
	}, {
		"icon": "https://jsd.typecho.co.uk/emoji/weibo/dog2.png",
		"data": ":)(doge2)",
		"text": "doge2",
		"category": "微博"
	}, {
		"icon": "https://jsd.typecho.co.uk/emoji/weibo/dog3.png",
		"data": ":)(doge3)",
		"text": "doge3",
		"category": "微博"
	}, {
		"icon": "https://jsd.typecho.co.uk/emoji/weibo/dog4.png",
		"data": ":)(doge4)",
		"text": "doge4",
		"category": "微博"
	}, {
		"icon": "https://jsd.typecho.co.uk/emoji/weibo/dog5.png",
		"data": ":)(doge5)",
		"text": "doge5",
		"category": "微博"
	}, {
		"icon": "https://jsd.typecho.co.uk/emoji/weibo/dog6.png",
		"data": ":)(doge6)",
		"text": "doge6",
		"category": "微博"
	}, {
		"icon": "https://jsd.typecho.co.uk/emoji/weibo/dog7.png",
		"data": ":)(doge7)",
		"text": "doge7",
		"category": "微博"
	}, {
		"icon": "https://jsd.typecho.co.uk/emoji/weibo/dog8.png",
		"data": ":)(doge8)",
		"text": "doge8",
		"category": "微博"
	}, {
		"icon": "https://jsd.typecho.co.uk/emoji/weibo/dog9.png",
		"data": ":)(doge9)",
		"text": "doge9",
		"category": "微博"
	}, {
		"icon": "https://jsd.typecho.co.uk/emoji/weibo/dog10.png",
		"data": ":)(doge10)",
		"text": "doge10",
		"category": "微博"
	}, {
		"icon": "https://jsd.typecho.co.uk/emoji/weibo/dog11.png",
		"data": ":)(doge11)",
		"text": "doge11",
		"category": "微博"
	}, {
		"icon": "https://jsd.typecho.co.uk/emoji/weibo/dog12.png",
		"data": ":)(doge12)",
		"text": "doge12",
		"category": "微博"
	}, {
		"icon": "https://jsd.typecho.co.uk/emoji/weibo/dog13.png",
		"data": ":)(doge13)",
		"text": "doge13",
		"category": "微博"
	}, {
		"icon": "https://jsd.typecho.co.uk/emoji/weibo/dog14.png",
		"data": ":)(doge14)",
		"text": "doge14",
		"category": "微博"
	}, {
		"icon": "https://jsd.typecho.co.uk/emoji/weibo/dog15.png",
		"data": ":)(doge15)",
		"text": "doge15",
		"category": "微博"
	}, {
		"icon": "https://jsd.typecho.co.uk/emoji/weibo/aini.png",
		"data": ":)(aini)",
		"text": "aini",
		"category": "微博"
	}, {
		"icon": "https://jsd.typecho.co.uk/emoji/weibo/aoteman.png",
		"data": ":)(aoteman)",
		"text": "aoteman",
		"category": "微博"
	}, {
		"icon": "https://jsd.typecho.co.uk/emoji/weibo/baibai.png",
		"data": ":)(baibai)",
		"text": "baibai",
		"category": "微博"
	}, {
		"icon": "https://jsd.typecho.co.uk/emoji/weibo/beishang.png",
		"data": ":)(beishang)",
		"text": "beishang",
		"category": "微博"
	}, {
		"icon": "https://jsd.typecho.co.uk/emoji/weibo/bishi.png",
		"data": ":)(bishi)",
		"text": "bishi",
		"category": "微博"
	}, {
		"icon": "https://jsd.typecho.co.uk/emoji/weibo/bizui.png",
		"data": ":)(bizui)",
		"text": "bizui",
		"category": "微博"
	}, {
		"icon": "https://jsd.typecho.co.uk/emoji/weibo/chanzui.png",
		"data": ":)(chanzui)",
		"text": "chanzui",
		"category": "微博"
	}, {
		"icon": "https://jsd.typecho.co.uk/emoji/weibo/chijing.png",
		"data": ":)(chijing)",
		"text": "chijing",
		"category": "微博"
	}, {
		"icon": "https://jsd.typecho.co.uk/emoji/weibo/dahaqi.png",
		"data": ":)(dahaqi)",
		"text": "dahaqi",
		"category": "微博"
	}, {
		"icon": "https://jsd.typecho.co.uk/emoji/weibo/dalian.png",
		"data": ":)(dalian)",
		"text": "dalian",
		"category": "微博"
	}, {
		"icon": "https://jsd.typecho.co.uk/emoji/weibo/ding.png",
		"data": ":)(ding)",
		"text": "ding",
		"category": "微博"
	}, {
		"icon": "https://jsd.typecho.co.uk/emoji/weibo/feizao.png",
		"data": ":)(feizao)",
		"text": "feizao",
		"category": "微博"
	}, {
		"icon": "https://jsd.typecho.co.uk/emoji/weibo/ganmao.png",
		"data": ":)(ganmao)",
		"text": "ganmao",
		"category": "微博"
	}, {
		"icon": "https://jsd.typecho.co.uk/emoji/weibo/guzhang.png",
		"data": ":)(guzhang)",
		"text": "guzhang",
		"category": "微博"
	}, {
		"icon": "https://jsd.typecho.co.uk/emoji/weibo/haha.png",
		"data": ":)(haha)",
		"text": "haha",
		"category": "微博"
	}, {
		"icon": "https://jsd.typecho.co.uk/emoji/weibo/haixiu.png",
		"data": ":)(haixiu)",
		"text": "haixiu",
		"category": "微博"
	}, {
		"icon": "https://jsd.typecho.co.uk/emoji/weibo/hehe.png",
		"data": ":)(hehe)",
		"text": "hehe",
		"category": "微博"
	}, {
		"icon": "https://jsd.typecho.co.uk/emoji/weibo/heixian.png",
		"data": ":)(heixian)",
		"text": "heixian",
		"category": "微博"
	}, {
		"icon": "https://jsd.typecho.co.uk/emoji/weibo/heng.png",
		"data": ":)(heng)",
		"text": "heng",
		"category": "微博"
	}, {
		"icon": "https://jsd.typecho.co.uk/emoji/weibo/huaxin.png",
		"data": ":)(huaxin)",
		"text": "huaxin",
		"category": "微博"
	}, {
		"icon": "https://jsd.typecho.co.uk/emoji/weibo/jiyan.png",
		"data": ":)(jiyan)",
		"text": "jiyan",
		"category": "微博"
	}, {
		"icon": "https://jsd.typecho.co.uk/emoji/weibo/keai.png",
		"data": ":)(keai)",
		"text": "keai",
		"category": "微博"
	}, {
		"icon": "https://jsd.typecho.co.uk/emoji/weibo/kelian.png",
		"data": ":)(kelian)",
		"text": "kelian",
		"category": "微博"
	}, {
		"icon": "https://jsd.typecho.co.uk/emoji/weibo/ku.png",
		"data": ":)(ku)",
		"text": "ku",
		"category": "微博"
	}, {
		"icon": "https://jsd.typecho.co.uk/emoji/weibo/kun.png",
		"data": ":)(kun)",
		"text": "kun",
		"category": "微博"
	}, {
		"icon": "https://jsd.typecho.co.uk/emoji/weibo/landelini.png",
		"data": ":)(landelini)",
		"text": "landelini",
		"category": "微博"
	}, {
		"icon": "https://jsd.typecho.co.uk/emoji/weibo/lei.png",
		"data": ":)(lei)",
		"text": "lei",
		"category": "微博"
	}, {
		"icon": "https://jsd.typecho.co.uk/emoji/weibo/nanhaier.png",
		"data": ":)(nanhaier)",
		"text": "nanhaier",
		"category": "微博"
	}, {
		"icon": "https://jsd.typecho.co.uk/emoji/weibo/nu.png",
		"data": ":)(nu)",
		"text": "nu",
		"category": "微博"
	}, {
		"icon": "https://jsd.typecho.co.uk/emoji/weibo/numa.png",
		"data": ":)(numa)",
		"text": "numa",
		"category": "微博"
	}, {
		"icon": "https://jsd.typecho.co.uk/emoji/weibo/nvhaier.png",
		"data": ":)(nvhaier)",
		"text": "nvhaier",
		"category": "微博"
	}, {
		"icon": "https://jsd.typecho.co.uk/emoji/weibo/qian.png",
		"data": ":)(qian)",
		"text": "qian",
		"category": "微博"
	}, {
		"icon": "https://jsd.typecho.co.uk/emoji/weibo/qinqin.png",
		"data": ":)(qinqin)",
		"text": "qinqin",
		"category": "微博"
	}, {
		"icon": "https://jsd.typecho.co.uk/emoji/weibo/shayan.png",
		"data": ":)(shayan)",
		"text": "shayan",
		"category": "微博"
	}, {
		"icon": "https://jsd.typecho.co.uk/emoji/weibo/shengbing.png",
		"data": ":)(shengbing)",
		"text": "shengbing",
		"category": "微博"
	}, {
		"icon": "https://jsd.typecho.co.uk/emoji/weibo/shenshou.png",
		"data": ":)(shenshou)",
		"text": "shenshou",
		"category": "微博"
	}, {
		"icon": "https://jsd.typecho.co.uk/emoji/weibo/shiwang.png",
		"data": ":)(shiwang)",
		"text": "shiwang",
		"category": "微博"
	}, {
		"icon": "https://jsd.typecho.co.uk/emoji/weibo/shuai.png",
		"data": ":)(shuai)",
		"text": "shuai",
		"category": "微博"
	}, {
		"icon": "https://jsd.typecho.co.uk/emoji/weibo/shuijiao.png",
		"data": ":)(shuijiao)",
		"text": "shuijiao",
		"category": "微博"
	}, {
		"icon": "https://jsd.typecho.co.uk/emoji/weibo/sikao.png",
		"data": ":)(sikao)",
		"text": "sikao",
		"category": "微博"
	}, {
		"icon": "https://jsd.typecho.co.uk/emoji/weibo/taikaixin.png",
		"data": ":)(taikaixin)",
		"text": "taikaixin",
		"category": "微博"
	}, {
		"icon": "https://jsd.typecho.co.uk/emoji/weibo/touxiao.png",
		"data": ":)(touxiao)",
		"text": "touxiao",
		"category": "微博"
	}, {
		"icon": "https://jsd.typecho.co.uk/emoji/weibo/tu.png",
		"data": ":)(tu)",
		"text": "tu",
		"category": "微博"
	}, {
		"icon": "https://jsd.typecho.co.uk/emoji/weibo/tuzi.png",
		"data": ":)(tuzi)",
		"text": "tuzi",
		"category": "微博"
	}, {
		"icon": "https://jsd.typecho.co.uk/emoji/weibo/wabishi.png",
		"data": ":)(wabishi)",
		"text": "wabishi",
		"category": "微博"
	}, {
		"icon": "https://jsd.typecho.co.uk/emoji/weibo/weiqu.png",
		"data": ":)(weiqu)",
		"text": "weiqu",
		"category": "微博"
	}, {
		"icon": "https://jsd.typecho.co.uk/emoji/weibo/xiaoku.png",
		"data": ":)(xiaoku)",
		"text": "xiaoku",
		"category": "微博"
	}, {
		"icon": "https://jsd.typecho.co.uk/emoji/weibo/xiongmao.png",
		"data": ":)(xiongmao)",
		"text": "xiongmao",
		"category": "微博"
	}, {
		"icon": "https://jsd.typecho.co.uk/emoji/weibo/xixi.png",
		"data": ":)(xixi)",
		"text": "xixi",
		"category": "微博"
	}, {
		"icon": "https://jsd.typecho.co.uk/emoji/weibo/xu.png",
		"data": ":)(xu)",
		"text": "xu",
		"category": "微博"
	}, {
		"icon": "https://jsd.typecho.co.uk/emoji/weibo/yinxian.png",
		"data": ":)(yinxian)",
		"text": "yinxian",
		"category": "微博"
	}, {
		"icon": "https://jsd.typecho.co.uk/emoji/weibo/yiwen.png",
		"data": ":)(yiwen)",
		"text": "yiwen",
		"category": "微博"
	}, {
		"icon": "https://jsd.typecho.co.uk/emoji/weibo/youhengheng.png",
		"data": ":)(youhengheng)",
		"text": "youhengheng",
		"category": "微博"
	}, {
		"icon": "https://jsd.typecho.co.uk/emoji/weibo/yun.png",
		"data": ":)(yun)",
		"text": "yun",
		"category": "微博"
	}, {
		"icon": "https://jsd.typecho.co.uk/emoji/weibo/zhuakuang.png",
		"data": ":)(zhuakuang)",
		"text": "zhuakuang",
		"category": "微博"
	}, {
		"icon": "https://jsd.typecho.co.uk/emoji/weibo/zhutou.png",
		"data": ":)(zhutou)",
		"text": "zhutou",
		"category": "微博"
	}, {
		"icon": "https://jsd.typecho.co.uk/emoji/weibo/zuiyou.png",
		"data": ":)(zuiyou)",
		"text": "zuiyou",
		"category": "微博"
	}, {
		"icon": "https://jsd.typecho.co.uk/emoji/weibo/zuohengheng.png",
		"data": ":)(zuohengheng)",
		"text": "zuohengheng",
		"category": "微博"
	}, {
		"icon": "https://jsd.typecho.co.uk/emoji/weibo/geili.png",
		"data": ":)(geili)",
		"text": "geili",
		"category": "微博"
	}, {
		"icon": "https://jsd.typecho.co.uk/emoji/weibo/hufen.png",
		"data": ":)(hufen)",
		"text": "hufen",
		"category": "微博"
	}, {
		"icon": "https://jsd.typecho.co.uk/emoji/weibo/jiong.png",
		"data": ":)(jiong)",
		"text": "jiong",
		"category": "微博"
	}, {
		"icon": "https://jsd.typecho.co.uk/emoji/weibo/meng.png",
		"data": ":)(meng)",
		"text": "meng",
		"category": "微博"
	}, {
		"icon": "https://jsd.typecho.co.uk/emoji/weibo/shenma.png",
		"data": ":)(shenma)",
		"text": "shenma",
		"category": "微博"
	}, {
		"icon": "https://jsd.typecho.co.uk/emoji/weibo/v5.png",
		"data": ":)(v5)",
		"text": "v5",
		"category": "微博"
	}, {
		"icon": "https://jsd.typecho.co.uk/emoji/weibo/xi.png",
		"data": ":)(xi)",
		"text": "xi",
		"category": "微博"
	}, {
		"icon": "https://jsd.typecho.co.uk/emoji/weibo/zhi.png",
		"data": ":)(zhi)",
		"text": "zhi",
		"category": "微博"
	},
	{
		"icon": "https://jsd.typecho.co.uk/emoji/newtieba/呵呵.png",
		"data": ":u(呵呵)",
		"text": "呵呵",
		"category": "新贴吧"
	},
	{
		"icon": "https://jsd.typecho.co.uk/emoji/newtieba/哈哈.png",
		"data": ":u(哈哈)",
		"text": "哈哈",
		"category": "新贴吧"
	},
	{
		"icon": "https://jsd.typecho.co.uk/emoji/newtieba/吐舌.png",
		"data": ":u(吐舌)",
		"text": "吐舌",
		"category": "新贴吧"
	},
	{
		"icon": "https://jsd.typecho.co.uk/emoji/newtieba/太开心.png",
		"data": ":u(太开心)",
		"text": "太开心",
		"category": "新贴吧"
	},
	{
		"icon": "https://jsd.typecho.co.uk/emoji/newtieba/笑眼.png",
		"data": ":u(笑眼)",
		"text": "笑眼",
		"category": "新贴吧"
	},
	{
		"icon": "https://jsd.typecho.co.uk/emoji/newtieba/花心.png",
		"data": ":u(花心)",
		"text": "花心",
		"category": "新贴吧"
	},
	{
		"icon": "https://jsd.typecho.co.uk/emoji/newtieba/小乖.png",
		"data": ":u(小乖)",
		"text": "小乖",
		"category": "新贴吧"
	},
	{
		"icon": "https://jsd.typecho.co.uk/emoji/newtieba/乖.png",
		"data": ":u(乖)",
		"text": "乖",
		"category": "新贴吧"
	},
	{
		"icon": "https://jsd.typecho.co.uk/emoji/newtieba/捂嘴笑.png",
		"data": ":u(捂嘴笑)",
		"text": "捂嘴笑",
		"category": "新贴吧"
	},
	{
		"icon": "https://jsd.typecho.co.uk/emoji/newtieba/滑稽.png",
		"data": ":u(滑稽)",
		"text": "滑稽",
		"category": "新贴吧"
	}, {
		"icon": "https://jsd.typecho.co.uk/emoji/newtieba/你懂的.png",
		"data": ":u(你懂的)",
		"text": "你懂的",
		"category": "新贴吧"
	}, {
		"icon": "https://jsd.typecho.co.uk/emoji/newtieba/不高兴.png",
		"data": ":u(不高兴)",
		"text": "不高兴",
		"category": "新贴吧"
	}, {
		"icon": "https://jsd.typecho.co.uk/emoji/newtieba/怒.png",
		"data": ":u(怒)",
		"text": "怒",
		"category": "新贴吧"
	}, {
		"icon": "https://jsd.typecho.co.uk/emoji/newtieba/汗.png",
		"data": ":u(汗)",
		"text": "汗",
		"category": "新贴吧"
	}, {
		"icon": "https://jsd.typecho.co.uk/emoji/newtieba/黑线.png",
		"data": ":u(黑线)",
		"text": "黑线",
		"category": "新贴吧"
	}, {
		"icon": "https://jsd.typecho.co.uk/emoji/newtieba/泪.png",
		"data": ":u(泪)",
		"text": "泪",
		"category": "新贴吧"
	}, {
		"icon": "https://jsd.typecho.co.uk/emoji/newtieba/喷.png",
		"data": ":u(喷)",
		"text": "喷",
		"category": "新贴吧"
	}, {
		"icon": "https://jsd.typecho.co.uk/emoji/newtieba/惊哭.png",
		"data": ":u(惊哭)",
		"text": "惊哭",
		"category": "新贴吧"
	}, {
		"icon": "https://jsd.typecho.co.uk/emoji/newtieba/阴险.png",
		"data": ":u(阴险)",
		"text": "阴险",
		"category": "新贴吧"
	}, {
		"icon": "https://jsd.typecho.co.uk/emoji/newtieba/鄙视.png",
		"data": ":u(鄙视)",
		"text": "鄙视",
		"category": "新贴吧"
	}, {
		"icon": "https://jsd.typecho.co.uk/emoji/newtieba/酷.png",
		"data": ":u(酷)",
		"text": "酷",
		"category": "新贴吧"
	}, {
		"icon": "https://jsd.typecho.co.uk/emoji/newtieba/啊.png",
		"data": ":u(啊)",
		"text": "啊",
		"category": "新贴吧"
	}, {
		"icon": "https://jsd.typecho.co.uk/emoji/newtieba/狂汗.png",
		"data": ":u(狂汗)",
		"text": "狂汗",
		"category": "新贴吧"
	}, {
		"icon": "https://jsd.typecho.co.uk/emoji/newtieba/what.png",
		"data": ":u(what)",
		"text": "what",
		"category": "新贴吧"
	}, {
		"icon": "https://jsd.typecho.co.uk/emoji/newtieba/疑问.png",
		"data": ":u(疑问)",
		"text": "疑问",
		"category": "新贴吧"
	}, {
		"icon": "https://jsd.typecho.co.uk/emoji/newtieba/酸爽.png",
		"data": ":u(酸爽)",
		"text": "酸爽",
		"category": "新贴吧"
	}, {
		"icon": "https://jsd.typecho.co.uk/emoji/newtieba/呀咩爹.png",
		"data": ":u(呀咩爹)",
		"text": "呀咩爹",
		"category": "新贴吧"
	}, {
		"icon": "https://jsd.typecho.co.uk/emoji/newtieba/委屈.png",
		"data": ":u(委屈)",
		"text": "委屈",
		"category": "新贴吧"
	}, {
		"icon": "https://jsd.typecho.co.uk/emoji/newtieba/惊讶.png",
		"data": ":u(惊讶)",
		"text": "惊讶",
		"category": "新贴吧"
	}, {
		"icon": "https://jsd.typecho.co.uk/emoji/newtieba/睡觉.png",
		"data": ":u(睡觉)",
		"text": "睡觉",
		"category": "新贴吧"
	}, {
		"icon": "https://jsd.typecho.co.uk/emoji/newtieba/笑尿.png",
		"data": ":u(笑尿)",
		"text": "笑尿",
		"category": "新贴吧"
	}, {
		"icon": "https://jsd.typecho.co.uk/emoji/newtieba/挖鼻.png",
		"data": ":u(挖鼻)",
		"text": "挖鼻",
		"category": "新贴吧"
	}, {
		"icon": "https://jsd.typecho.co.uk/emoji/newtieba/吐.png",
		"data": ":u(吐)",
		"text": "吐",
		"category": "新贴吧"
	}, {
		"icon": "https://jsd.typecho.co.uk/emoji/newtieba/犀利.png",
		"data": ":u(犀利)",
		"text": "犀利",
		"category": "新贴吧"
	}, {
		"icon": "https://jsd.typecho.co.uk/emoji/newtieba/小红脸.png",
		"data": ":u(小红脸)",
		"text": "小红脸",
		"category": "新贴吧"
	}, {
		"icon": "https://jsd.typecho.co.uk/emoji/newtieba/懒得理.png",
		"data": ":u(懒得理)",
		"text": "懒得理",
		"category": "新贴吧"
	}, {
		"icon": "https://jsd.typecho.co.uk/emoji/newtieba/勉强.png",
		"data": ":u(勉强)",
		"text": "勉强",
		"category": "新贴吧"
	}, {
		"icon": "https://jsd.typecho.co.uk/emoji/newtieba/爱心.png",
		"data": ":u(爱心)",
		"text": "爱心",
		"category": "新贴吧"
	}, {
		"icon": "https://jsd.typecho.co.uk/emoji/newtieba/心碎.png",
		"data": ":u(心碎)",
		"text": "心碎",
		"category": "新贴吧"
	}, {
		"icon": "https://jsd.typecho.co.uk/emoji/newtieba/玫瑰.png",
		"data": ":u(玫瑰)",
		"text": "玫瑰",
		"category": "新贴吧"
	}, {
		"icon": "https://jsd.typecho.co.uk/emoji/newtieba/礼物.png",
		"data": ":u(礼物)",
		"text": "礼物",
		"category": "新贴吧"
	}, {
		"icon": "https://jsd.typecho.co.uk/emoji/newtieba/彩虹.png",
		"data": ":u(彩虹)",
		"text": "彩虹",
		"category": "新贴吧"
	}, {
		"icon": "https://jsd.typecho.co.uk/emoji/newtieba/太阳.png",
		"data": ":u(太阳)",
		"text": "太阳",
		"category": "新贴吧"
	}, {
		"icon": "https://jsd.typecho.co.uk/emoji/newtieba/星星月亮.png",
		"data": ":u(星星月亮)",
		"text": "星星月亮",
		"category": "新贴吧"
	}, {
		"icon": "https://jsd.typecho.co.uk/emoji/newtieba/钱币.png",
		"data": ":u(钱币)",
		"text": "钱币",
		"category": "新贴吧"
	}, {
		"icon": "https://jsd.typecho.co.uk/emoji/newtieba/茶杯.png",
		"data": ":u(茶杯)",
		"text": "茶杯",
		"category": "新贴吧"
	}, {
		"icon": "https://jsd.typecho.co.uk/emoji/newtieba/蛋糕.png",
		"data": ":u(蛋糕)",
		"text": "蛋糕",
		"category": "新贴吧"
	}, {
		"icon": "https://jsd.typecho.co.uk/emoji/newtieba/大拇指.png",
		"data": ":u(大拇指)",
		"text": "大拇指",
		"category": "新贴吧"
	}, {
		"icon": "https://jsd.typecho.co.uk/emoji/newtieba/胜利.png",
		"data": ":u(胜利)",
		"text": "胜利",
		"category": "新贴吧"
	}, {
		"icon": "https://jsd.typecho.co.uk/emoji/newtieba/haha.png",
		"data": ":u(haha)",
		"text": "haha",
		"category": "新贴吧"
	}, {
		"icon": "https://jsd.typecho.co.uk/emoji/newtieba/OK.png",
		"data": ":u(OK)",
		"text": "OK",
		"category": "新贴吧"
	},
	{
		"icon": "https://jsd.typecho.co.uk/emoji/newtieba/沙发.png",
		"data": ":u(沙发)",
		"text": "沙发",
		"category": "新贴吧"
	}, {
		"icon": "https://jsd.typecho.co.uk/emoji/newtieba/手纸.png",
		"data": ":u(手纸)",
		"text": "手纸",
		"category": "新贴吧"
	}, {
		"icon": "https://jsd.typecho.co.uk/emoji/newtieba/香蕉.png",
		"data": ":u(香蕉)",
		"text": "香蕉",
		"category": "新贴吧"
	}, {
		"icon": "https://jsd.typecho.co.uk/emoji/newtieba/便便.png",
		"data": ":u(便便)",
		"text": "便便",
		"category": "新贴吧"
	}, {
		"icon": "https://jsd.typecho.co.uk/emoji/newtieba/药丸.png",
		"data": ":u(药丸)",
		"text": "药丸",
		"category": "新贴吧"
	}, {
		"icon": "https://jsd.typecho.co.uk/emoji/newtieba/红领巾.png",
		"data": ":u(红领巾)",
		"text": "红领巾",
		"category": "新贴吧"
	}, {
		"icon": "https://jsd.typecho.co.uk/emoji/newtieba/蜡烛.png",
		"data": ":u(蜡烛)",
		"text": "蜡烛",
		"category": "新贴吧"
	}, {
		"icon": "https://jsd.typecho.co.uk/emoji/newtieba/音乐.png",
		"data": ":u(音乐)",
		"text": "音乐",
		"category": "新贴吧"
	}, {
		"icon": "https://jsd.typecho.co.uk/emoji/newtieba/灯泡.png",
		"data": ":u(灯泡)",
		"text": "灯泡",
		"category": "新贴吧"
	},
	{
		"icon": "https://jsd.typecho.co.uk/emoji/tieba/呵呵.png",
		"data": ":w(呵呵)",
		"text": "呵呵",
		"category": "贴吧"
	},
	{
		"icon": "https://jsd.typecho.co.uk/emoji/tieba/哈哈.png",
		"data": ":w(哈哈)",
		"text": "哈哈",
		"category": "贴吧"
	},
	{
		"icon": "https://jsd.typecho.co.uk/emoji/tieba/吐舌.png",
		"data": ":w(吐舌)",
		"text": "吐舌",
		"category": "贴吧"
	},
	{
		"icon": "https://jsd.typecho.co.uk/emoji/tieba/啊.png",
		"data": ":w(啊)",
		"text": "啊",
		"category": "贴吧"
	},
	{
		"icon": "https://jsd.typecho.co.uk/emoji/tieba/酷.png",
		"data": ":w(酷)",
		"text": "酷",
		"category": "贴吧"
	},
	{
		"icon": "https://jsd.typecho.co.uk/emoji/tieba/怒.png",
		"data": ":w(怒)",
		"text": "怒",
		"category": "贴吧"
	},
	{
		"icon": "https://jsd.typecho.co.uk/emoji/tieba/开心.png",
		"data": ":w(开心)",
		"text": "开心",
		"category": "贴吧"
	},
	{
		"icon": "https://jsd.typecho.co.uk/emoji/tieba/汗.png",
		"data": ":w(汗)",
		"text": "汗",
		"category": "贴吧"
	},
	{
		"icon": "https://jsd.typecho.co.uk/emoji/tieba/泪.png",
		"data": ":w(泪)",
		"text": "泪",
		"category": "贴吧"
	},
	{
		"icon": "https://jsd.typecho.co.uk/emoji/tieba/黑线.png",
		"data": ":w(黑线)",
		"text": "黑线",
		"category": "贴吧"
	}, {
		"icon": "https://jsd.typecho.co.uk/emoji/tieba/鄙视.png",
		"data": ":w(鄙视)",
		"text": "鄙视",
		"category": "贴吧"
	}, {
		"icon": "https://jsd.typecho.co.uk/emoji/tieba/不高兴.png",
		"data": ":w(不高兴)",
		"text": "不高兴",
		"category": "贴吧"
	}, {
		"icon": "https://jsd.typecho.co.uk/emoji/tieba/真棒.png",
		"data": ":w(真棒)",
		"text": "真棒",
		"category": "贴吧"
	}, {
		"icon": "https://jsd.typecho.co.uk/emoji/tieba/钱.png",
		"data": ":w(钱)",
		"text": "钱",
		"category": "贴吧"
	}, {
		"icon": "https://jsd.typecho.co.uk/emoji/tieba/疑问.png",
		"data": ":w(疑问)",
		"text": "疑问",
		"category": "贴吧"
	}, {
		"icon": "https://jsd.typecho.co.uk/emoji/tieba/阴险.png",
		"data": ":w(阴险)",
		"text": "阴险",
		"category": "贴吧"
	}, {
		"icon": "https://jsd.typecho.co.uk/emoji/tieba/吐.png",
		"data": ":w(吐)",
		"text": "吐",
		"category": "贴吧"
	}, {
		"icon": "https://jsd.typecho.co.uk/emoji/tieba/咦.png",
		"data": ":w(咦)",
		"text": "咦",
		"category": "贴吧"
	}, {
		"icon": "https://jsd.typecho.co.uk/emoji/tieba/委屈.png",
		"data": ":w(委屈)",
		"text": "委屈",
		"category": "贴吧"
	}, {
		"icon": "https://jsd.typecho.co.uk/emoji/tieba/花心.png",
		"data": ":w(花心)",
		"text": "花心",
		"category": "贴吧"
	}, {
		"icon": "https://jsd.typecho.co.uk/emoji/tieba/呼.png",
		"data": ":w(呼)",
		"text": "呼",
		"category": "贴吧"
	}, {
		"icon": "https://jsd.typecho.co.uk/emoji/tieba/笑眼.png",
		"data": ":w(笑眼)",
		"text": "笑眼",
		"category": "贴吧"
	}, {
		"icon": "https://jsd.typecho.co.uk/emoji/tieba/冷.png",
		"data": ":w(冷)",
		"text": "冷",
		"category": "贴吧"
	}, {
		"icon": "https://jsd.typecho.co.uk/emoji/tieba/太开心.png",
		"data": ":w(太开心)",
		"text": "太开心",
		"category": "贴吧"
	}, {
		"icon": "https://jsd.typecho.co.uk/emoji/tieba/滑稽.png",
		"data": ":w(滑稽)",
		"text": "滑稽",
		"category": "贴吧"
	}, {
		"icon": "https://jsd.typecho.co.uk/emoji/tieba/勉强.png",
		"data": ":w(勉强)",
		"text": "勉强",
		"category": "贴吧"
	}, {
		"icon": "https://jsd.typecho.co.uk/emoji/tieba/狂汗.png",
		"data": ":w(狂汗)",
		"text": "狂汗",
		"category": "贴吧"
	}, {
		"icon": "https://jsd.typecho.co.uk/emoji/tieba/乖.png",
		"data": ":w(乖)",
		"text": "乖",
		"category": "贴吧"
	}, {
		"icon": "https://jsd.typecho.co.uk/emoji/tieba/睡觉.png",
		"data": ":w(睡觉)",
		"text": "睡觉",
		"category": "贴吧"
	}, {
		"icon": "https://jsd.typecho.co.uk/emoji/tieba/惊哭.png",
		"data": ":w(惊哭)",
		"text": "惊哭",
		"category": "贴吧"
	}, {
		"icon": "https://jsd.typecho.co.uk/emoji/tieba/生气.png",
		"data": ":w(生气)",
		"text": "生气",
		"category": "贴吧"
	}, {
		"icon": "https://jsd.typecho.co.uk/emoji/tieba/惊讶.png",
		"data": ":w(惊讶)",
		"text": "惊讶",
		"category": "贴吧"
	}, {
		"icon": "https://jsd.typecho.co.uk/emoji/tieba/喷.png",
		"data": ":w(喷)",
		"text": "喷",
		"category": "贴吧"
	}, {
		"icon": "https://jsd.typecho.co.uk/emoji/tieba/玫瑰.png",
		"data": ":w(玫瑰)",
		"text": "玫瑰",
		"category": "贴吧"
	}, {
		"icon": "https://jsd.typecho.co.uk/emoji/tieba/礼物.png",
		"data": ":w(礼物)",
		"text": "礼物",
		"category": "贴吧"
	}, {
		"icon": "https://jsd.typecho.co.uk/emoji/tieba/彩虹.png",
		"data": ":w(彩虹)",
		"text": "彩虹",
		"category": "贴吧"
	}, {
		"icon": "https://jsd.typecho.co.uk/emoji/tieba/钱币.png",
		"data": ":w(钱币)",
		"text": "钱币",
		"category": "贴吧"
	}, {
		"icon": "https://jsd.typecho.co.uk/emoji/tieba/灯泡.png",
		"data": ":w(灯泡)",
		"text": "灯泡",
		"category": "贴吧"
	}, {
		"icon": "https://jsd.typecho.co.uk/emoji/tieba/茶杯.png",
		"data": ":w(茶杯)",
		"text": "茶杯",
		"category": "贴吧"
	}, {
		"icon": "https://jsd.typecho.co.uk/emoji/tieba/音乐.png",
		"data": ":w(音乐)",
		"text": "音乐",
		"category": "贴吧"
	}, {
		"icon": "https://jsd.typecho.co.uk/emoji/tieba/haha.png",
		"data": ":w(haha)",
		"text": "haha",
		"category": "贴吧"
	}, {
		"icon": "https://jsd.typecho.co.uk/emoji/tieba/胜利.png",
		"data": ":w(胜利)",
		"text": "胜利",
		"category": "贴吧"
	}, {
		"icon": "https://jsd.typecho.co.uk/emoji/tieba/大拇指.png",
		"data": ":w(大拇指)",
		"text": "大拇指",
		"category": "贴吧"
	}, {
		"icon": "https://jsd.typecho.co.uk/emoji/tieba/弱.png",
		"data": ":w(弱)",
		"text": "弱",
		"category": "贴吧"
	},
	{
		"icon": "https://jsd.typecho.co.uk/emoji/aru/E9AB98E585B4_2x.png",
		"data": ":@(高兴)",
		"text": "高兴",
		"category": "阿鲁"
	},
	{
		"icon": "https://jsd.typecho.co.uk/emoji/aru/E5B08FE68092_2x.png",
		"data": ":@(小怒)",
		"text": "小怒",
		"category": "阿鲁"
	},
	{
		"icon": "https://jsd.typecho.co.uk/emoji/aru/E884B8E7BAA2_2x.png",
		"data": ":@(脸红)",
		"text": "脸红",
		"category": "阿鲁"
	},
	{
		"icon": "https://jsd.typecho.co.uk/emoji/aru/E58685E4BCA4_2x.png",
		"data": ":@(内伤)",
		"text": "内伤",
		"category": "阿鲁"
	},
	{
		"icon": "https://jsd.typecho.co.uk/emoji/aru/E8A385E5A4A7E6ACBE_2x.png",
		"data": ":@(装大款)",
		"text": "装大款",
		"category": "阿鲁"
	},
	{
		"icon": "https://jsd.typecho.co.uk/emoji/aru/E8B59EE4B880E4B8AA_2x.png",
		"data": ":@(赞一个)",
		"text": "赞一个",
		"category": "阿鲁"
	},
	{
		"icon": "https://jsd.typecho.co.uk/emoji/aru/E5AEB3E7BE9E_2x.png",
		"data": ":@(害羞)",
		"text": "害羞",
		"category": "阿鲁"
	},
	{
		"icon": "https://jsd.typecho.co.uk/emoji/aru/E6B197_2x.png",
		"data": ":@(汗)",
		"text": "汗",
		"category": "阿鲁"
	},
	{
		"icon": "https://jsd.typecho.co.uk/emoji/aru/E59090E8A180E58092E59CB0_2x.png",
		"data": ":@(吐血倒地)",
		"text": "吐血倒地",
		"category": "阿鲁"
	},
	{
		"icon": "https://jsd.typecho.co.uk/emoji/aru/E6B7B1E6809D_2x.png",
		"data": ":@(深思)",
		"text": "深思",
		"category": "阿鲁"
	},
	{
		"icon": "https://jsd.typecho.co.uk/emoji/aru/E4B88DE9AB98E585B4_2x.png",
		"data": ":@(不高兴)",
		"text": "不高兴",
		"category": "阿鲁"
	},
	{
		"icon": "https://jsd.typecho.co.uk/emoji/aru/E697A0E8AFAD_2x.png",
		"data": ":@(无语)",
		"text": "无语",
		"category": "阿鲁"
	},
	{
		"icon": "https://jsd.typecho.co.uk/emoji/aru/E4BAB2E4BAB2_2x.png",
		"data": ":@(亲亲)",
		"text": "亲亲",
		"category": "阿鲁"
	},
	{
		"icon": "https://jsd.typecho.co.uk/emoji/aru/E58FA3E6B0B4_2x.png",
		"data": ":@(口水)",
		"text": "口水",
		"category": "阿鲁"
	},
	{
		"icon": "https://jsd.typecho.co.uk/emoji/aru/E5B0B4E5B0AC_2x.png",
		"data": ":@(尴尬)",
		"text": "尴尬",
		"category": "阿鲁"
	},
	{
		"icon": "https://jsd.typecho.co.uk/emoji/aru/E4B8ADE68C87_2x.png",
		"data": ":@(中指)",
		"text": "中指",
		"category": "阿鲁"
	},
	{
		"icon": "https://jsd.typecho.co.uk/emoji/aru/E683B3E4B880E683B3_2x.png",
		"data": ":@(想一想)",
		"text": "想一想",
		"category": "阿鲁"
	},
	{
		"icon": "https://jsd.typecho.co.uk/emoji/aru/E593ADE6B3A3_2x.png",
		"data": ":@(哭泣)",
		"text": "哭泣",
		"category": "阿鲁"
	},
	{
		"icon": "https://jsd.typecho.co.uk/emoji/aru/E4BEBFE4BEBF_2x.png",
		"data": ":@(便便)",
		"text": "便便",
		"category": "阿鲁"
	},
	{
		"icon": "https://jsd.typecho.co.uk/emoji/aru/E78CAEE88AB1_2x.png",
		"data": ":@(献花)",
		"text": "献花",
		"category": "阿鲁"
	},
	{
		"icon": "https://jsd.typecho.co.uk/emoji/aru/E79AB1E79C89_2x.png",
		"data": ":@(皱眉)",
		"text": "皱眉",
		"category": "阿鲁"
	},
	{
		"icon": "https://jsd.typecho.co.uk/emoji/aru/E582BBE7AC91_2x.png",
		"data": ":@(傻笑)",
		"text": "傻笑",
		"category": "阿鲁"
	},
	{
		"icon": "https://jsd.typecho.co.uk/emoji/aru/E78B82E6B197_2x.png",
		"data": ":@(狂汗)",
		"text": "狂汗",
		"category": "阿鲁"
	},
	{
		"icon": "https://jsd.typecho.co.uk/emoji/aru/E59090_2x.png",
		"data": ":@(吐)",
		"text": "吐",
		"category": "阿鲁"
	},
	{
		"icon": "https://jsd.typecho.co.uk/emoji/aru/E596B7E6B0B4_2x.png",
		"data": ":@(喷水)",
		"text": "喷水",
		"category": "阿鲁"
	},
	{
		"icon": "https://jsd.typecho.co.uk/emoji/aru/E79C8BE4B88DE8A781_2x.png",
		"data": ":@(看不见)",
		"text": "看不见",
		"category": "阿鲁"
	},
	{
		"icon": "https://jsd.typecho.co.uk/emoji/aru/E9BC93E68E8C_2x.png",
		"data": ":@(鼓掌)",
		"text": "鼓掌",
		"category": "阿鲁"
	},
	{
		"icon": "https://jsd.typecho.co.uk/emoji/aru/E998B4E69A97_2x.png",
		"data": ":@(阴暗)",
		"text": "阴暗",
		"category": "阿鲁"
	},
	{
		"icon": "https://jsd.typecho.co.uk/emoji/aru/E995BFE88D89_2x.png",
		"data": ":@(长草)",
		"text": "长草",
		"category": "阿鲁"
	},
	{
		"icon": "https://jsd.typecho.co.uk/emoji/aru/E78CAEE9BB84E7939C_2x.png",
		"data": ":@(献黄瓜)",
		"text": "献黄瓜",
		"category": "阿鲁"
	},
	{
		"icon": "https://jsd.typecho.co.uk/emoji/aru/E982AAE681B6_2x.png",
		"data": ":@(邪恶)",
		"text": "邪恶",
		"category": "阿鲁"
	},
	{
		"icon": "https://jsd.typecho.co.uk/emoji/aru/E69C9FE5BE85_2x.png",
		"data": ":@(期待)",
		"text": "期待",
		"category": "阿鲁"
	},
	{
		"icon": "https://jsd.typecho.co.uk/emoji/aru/E5BE97E6848F_2x.png",
		"data": ":@(得意)",
		"text": "得意",
		"category": "阿鲁"
	},
	{
		"icon": "https://jsd.typecho.co.uk/emoji/aru/E59090E8888C_2x.png",
		"data": ":@(吐舌)",
		"text": "吐舌",
		"category": "阿鲁"
	},
	{
		"icon": "https://jsd.typecho.co.uk/emoji/aru/E596B7E8A180_2x.png",
		"data": ":@(喷血)",
		"text": "喷血",
		"category": "阿鲁"
	},
	{
		"icon": "https://jsd.typecho.co.uk/emoji/aru/E697A0E68980E8B093_2x.png",
		"data": ":@(无所谓)",
		"text": "无所谓",
		"category": "阿鲁"
	},
	{
		"icon": "https://jsd.typecho.co.uk/emoji/aru/E8A782E5AF9F_2x.png",
		"data": ":@(观察)",
		"text": "观察",
		"category": "阿鲁"
	},
	{
		"icon": "https://jsd.typecho.co.uk/emoji/aru/E69A97E59CB0E8A782E5AF9F_2x.png",
		"data": ":@(暗地观察)",
		"text": "暗地观察",
		"category": "阿鲁"
	},
	{
		"icon": "https://jsd.typecho.co.uk/emoji/aru/E882BFE58C85_2x.png",
		"data": ":@(肿包)",
		"text": "肿包",
		"category": "阿鲁"
	},
	{
		"icon": "https://jsd.typecho.co.uk/emoji/aru/E4B8ADE69EAA_2x.png",
		"data": ":@(中枪)",
		"text": "中枪",
		"category": "阿鲁"
	},
	{
		"icon": "https://jsd.typecho.co.uk/emoji/aru/E5A4A7E59BA7_2x.png",
		"data": ":@(大囧)",
		"text": "大囧",
		"category": "阿鲁"
	},
	{
		"icon": "https://jsd.typecho.co.uk/emoji/aru/E591B2E78999_2x.png",
		"data": ":@(呲牙)",
		"text": "呲牙",
		"category": "阿鲁"
	},
	{
		"icon": "https://jsd.typecho.co.uk/emoji/aru/E68AA0E9BCBB_2x.png",
		"data": ":@(抠鼻)",
		"text": "抠鼻",
		"category": "阿鲁"
	},
	{
		"icon": "https://jsd.typecho.co.uk/emoji/aru/E4B88DE8AFB4E8AF9D_2x.png",
		"data": ":@(不说话)",
		"text": "不说话",
		"category": "阿鲁"
	},
	{
		"icon": "https://jsd.typecho.co.uk/emoji/aru/E592BDE6B094_2x.png",
		"data": ":@(咽气)",
		"text": "咽气",
		"category": "阿鲁"
	},
	{
		"icon": "https://jsd.typecho.co.uk/emoji/aru/E6ACA2E591BC_2x.png",
		"data": ":@(欢呼)",
		"text": "欢呼",
		"category": "阿鲁"
	},
	{
		"icon": "https://jsd.typecho.co.uk/emoji/aru/E99481E79C89_2x.png",
		"data": ":@(锁眉)",
		"text": "锁眉",
		"category": "阿鲁"
	},
	{
		"icon": "https://jsd.typecho.co.uk/emoji/aru/E89CA1E7839B_2x.png",
		"data": ":@(蜡烛)",
		"text": "蜡烛",
		"category": "阿鲁"
	},
	{
		"icon": "https://jsd.typecho.co.uk/emoji/aru/E59D90E7AD89_2x.png",
		"data": ":@(坐等)",
		"text": "坐等",
		"category": "阿鲁"
	},
	{
		"icon": "https://jsd.typecho.co.uk/emoji/aru/E587BBE68E8C_2x.png",
		"data": ":@(击掌)",
		"text": "击掌",
		"category": "阿鲁"
	},
	{
		"icon": "https://jsd.typecho.co.uk/emoji/aru/E6838AE5969C_2x.png",
		"data": ":@(惊喜)",
		"text": "惊喜",
		"category": "阿鲁"
	},
	{
		"icon": "https://jsd.typecho.co.uk/emoji/aru/E5969CE69E81E8808CE6B3A3_2x.png",
		"data": ":@(喜极而泣)",
		"text": "喜极而泣",
		"category": "阿鲁"
	},
	{
		"icon": "https://jsd.typecho.co.uk/emoji/aru/E68ABDE7839F_2x.png",
		"data": ":@(抽烟)",
		"text": "抽烟",
		"category": "阿鲁"
	},
	{
		"icon": "https://jsd.typecho.co.uk/emoji/aru/E4B88DE587BAE68980E69699_2x.png",
		"data": ":@(不出所料)",
		"text": "不出所料",
		"category": "阿鲁"
	},
	{
		"icon": "https://jsd.typecho.co.uk/emoji/aru/E684A4E68092_2x.png",
		"data": ":@(愤怒)",
		"text": "愤怒",
		"category": "阿鲁"
	},
	{
		"icon": "https://jsd.typecho.co.uk/emoji/aru/E697A0E5A588_2x.png",
		"data": ":@(无奈)",
		"text": "无奈",
		"category": "阿鲁"
	},
	{
		"icon": "https://jsd.typecho.co.uk/emoji/aru/E9BB91E7BABF_2x.png",
		"data": ":@(黑线)",
		"text": "黑线",
		"category": "阿鲁"
	},
	{
		"icon": "https://jsd.typecho.co.uk/emoji/aru/E68A95E9998D_2x.png",
		"data": ":@(投降)",
		"text": "投降",
		"category": "阿鲁"
	},
	{
		"icon": "https://jsd.typecho.co.uk/emoji/aru/E79C8BE783ADE997B9_2x.png",
		"data": ":@(看热闹)",
		"text": "看热闹",
		"category": "阿鲁"
	},
	{
		"icon": "https://jsd.typecho.co.uk/emoji/aru/E68987E880B3E58589_2x.png",
		"data": ":@(扇耳光)",
		"text": "扇耳光",
		"category": "阿鲁"
	},
	{
		"icon": "https://jsd.typecho.co.uk/emoji/aru/E5B08FE79CBCE79D9B_2x.png",
		"data": ":@(小眼睛)",
		"text": "小眼睛",
		"category": "阿鲁"
	},
	{
		"icon": "https://jsd.typecho.co.uk/emoji/aru/E4B8ADE58880_2x.png",
		"data": ":@(中刀)",
		"text": "中刀",
		"category": "阿鲁"
	},
	{
		"icon": "https://jsd.typecho.co.uk/emoji/quyin/E89B86E99FB3E5A898_E581B7E79C8B.png",
		"data": ":&(蛆音娘_偷看)",
		"text": "蛆音娘_偷看",
		"category": "蛆音娘"
	},
	{
		"icon": "https://jsd.typecho.co.uk/emoji/quyin/E89B86E99FB3E5A898_E6918AE6898B.png",
		"data": ":&(蛆音娘_摊手)",
		"text": "蛆音娘_摊手",
		"category": "蛆音娘"
	},
	{
		"icon": "https://jsd.typecho.co.uk/emoji/quyin/E89B86E99FB3E5A898_E697A0E8AFAD.png",
		"data": ":&(蛆音娘_无语)",
		"text": "蛆音娘_无语",
		"category": "蛆音娘"
	},
	{
		"icon": "https://jsd.typecho.co.uk/emoji/quyin/E89B86E99FB3E5A898_E5AEB3E68095.png",
		"data": ":&(蛆音娘_害怕)",
		"text": "蛆音娘_害怕",
		"category": "蛆音娘"
	},
	{
		"icon": "https://jsd.typecho.co.uk/emoji/quyin/E89B86E99FB3E5A898_E58EBBE4B896.png",
		"data": ":&(蛆音娘_去世)",
		"text": "蛆音娘_去世",
		"category": "蛆音娘"
	},
	{
		"icon": "https://jsd.typecho.co.uk/emoji/quyin/E89B86E99FB3E5A898_E79DA1E8A789.png",
		"data": ":&(蛆音娘_睡觉)",
		"text": "蛆音娘_睡觉",
		"category": "蛆音娘"
	},
	{
		"icon": "https://jsd.typecho.co.uk/emoji/quyin/E89B86E99FB3E5A898_E593ADE6B3A3.png",
		"data": ":&(蛆音娘_哭泣)",
		"text": "蛆音娘_哭泣",
		"category": "蛆音娘"
	},
	{
		"icon": "https://jsd.typecho.co.uk/emoji/quyin/E89B86E99FB3E5A898_E6BB91E7A8BD.png",
		"data": ":&(蛆音娘_滑稽)",
		"text": "蛆音娘_滑稽",
		"category": "蛆音娘"
	},
	{
		"icon": "https://jsd.typecho.co.uk/emoji/quyin/E89B86E99FB3E5A898_E882A5E79A82.png",
		"data": ":&(蛆音娘_肥皂)",
		"text": "蛆音娘_肥皂",
		"category": "蛆音娘"
	},
	{
		"icon": "https://jsd.typecho.co.uk/emoji/quyin/E89B86E99FB3E5A898_E7949FE6B094.png",
		"data": ":&(蛆音娘_生气)",
		"text": "蛆音娘_生气",
		"category": "蛆音娘"
	},
	{
		"icon": "https://jsd.typecho.co.uk/emoji/quyin/E89B86E99FB3E5A898_E4B88DE684A7E698AFE68891.png",
		"data": ":&(蛆音娘_不愧是我)",
		"text": "蛆音娘_不愧是我",
		"category": "蛆音娘"
	},
	{
		"icon": "https://jsd.typecho.co.uk/emoji/quyin/E89B86E99FB3E5A898_E59083E6838A.png",
		"data": ":&(蛆音娘_吃惊)",
		"text": "蛆音娘_吃惊",
		"category": "蛆音娘"
	},
	{
		"icon": "https://jsd.typecho.co.uk/emoji/quyin/E89B86E99FB3E5A898_E689B6E9A29D.png",
		"data": ":&(蛆音娘_扶额)",
		"text": "蛆音娘_扶额",
		"category": "蛆音娘"
	},
	{
		"icon": "https://jsd.typecho.co.uk/emoji/quyin/E89B86E99FB3E5A898_E5A4A7E7AC91.png",
		"data": ":&(蛆音娘_大笑)",
		"text": "蛆音娘_大笑",
		"category": "蛆音娘"
	},
	{
		"icon": "https://jsd.typecho.co.uk/emoji/quyin/E89B86E99FB3E5A898_E58D96E8908C.png",
		"data": ":&(蛆音娘_卖萌)",
		"text": "蛆音娘_卖萌",
		"category": "蛆音娘"
	},
	{
		"icon": "https://jsd.typecho.co.uk/emoji/quyin/E89B86E99FB3E5A898_E59083E7939C.png",
		"data": ":&(蛆音娘_吃瓜)",
		"text": "蛆音娘_吃瓜",
		"category": "蛆音娘"
	},
	{
		"icon": "https://jsd.typecho.co.uk/emoji/quyin/E89B86E99FB3E5A898_E59090E8A180.png",
		"data": ":&(蛆音娘_吐血)",
		"text": "蛆音娘_吐血",
		"category": "蛆音娘"
	},
	{
		"icon": "https://jsd.typecho.co.uk/emoji/quyin/E89B86E99FB3E5A898_OK.png",
		"data": ":&(蛆音娘_OK)",
		"text": "蛆音娘_OK",
		"category": "蛆音娘"
	},
	{
		"icon": "https://jsd.typecho.co.uk/emoji/quyin/E89B86E99FB3E5A898_E593BC.png",
		"data": ":&(蛆音娘_哼)",
		"text": "蛆音娘_哼",
		"category": "蛆音娘"
	},
	{
		"icon": "https://jsd.typecho.co.uk/emoji/quyin/E89B86E99FB3E5A898_E79691E997AE.png",
		"data": ":&(蛆音娘_疑问)",
		"text": "蛆音娘_疑问",
		"category": "蛆音娘"
	}
]